id,名称,成就类型,图标类型,图标id,描述,条件类型,目标id,条件阈值,奖励id列表,后置成就id,状态,排序,关联的活动模板id
10027,勇气成就I,1,0,2054,"获得20点勇气成就,可提升50战力",7,0,20,20010,10028,1,27,0
10028,勇气成就II,1,0,2055,"获得50点勇气成就,可提升200战力",7,0,50,20011,10029,0,28,0
10029,勇气成就III,1,0,2056,"获得200点勇气成就,可提升400战力",7,0,200,20012,10030,0,29,0
10030,诸界的毁灭者,1,0,2006,"获得600点勇气成就,可解锁神器：诸界的毁灭者",7,0,600,20000,10031,0,30,0
10031,勇气成就,1,0,1014,"获得300点勇气成就,可获得1个红水晶",7,0,300,20006,10031,0,31,0
10032,冠军成就I,1,0,2057,"获得20点冠军成就,可提升50战力",7,1,20,20010,10033,1,32,0
10033,冠军成就II,1,0,2058,"获得50点冠军成就,可提升200战力",7,1,50,20011,10034,0,33,0
10034,冠军成就III,1,0,2059,"获得150点冠军成就,可提升400战力",7,1,150,20012,10035,0,34,0
10035,群星之怒,1,0,2007,"获得500点冠军成就,可解锁神器：索利达尔群星之怒",7,1,500,20001,10036,0,35,0
10036,冠军成就,1,0,1015,"获得150点冠军成就,可获得1个绿水晶",7,1,150,20007,10036,0,36,0
10037,挖矿成就I,1,0,2051,"获得80点挖矿成就,可提升50战力",7,2,80,20010,10038,1,37,0
10038,挖矿成就II,1,0,2052,"获得400点挖矿成就,可提升200战力",7,2,400,20011,10039,0,38,0
10039,挖矿成就III,1,0,2053,"获得2000点挖矿成就,可提升400战力",7,2,2000,20012,10040,0,39,0
10040,无坚不摧之力,1,0,2009,"获得4000点挖矿成就,可解锁神器：无坚不摧之力",7,2,4000,20003,10041,0,40,0
10041,挖矿成就,1,0,1017,"获得2000点挖矿成就,可获得1个紫水晶",7,2,2000,20008,10041,0,41,0
10042,锻造成就I,1,0,2060,"获得60点锻造成就,可提升50战力",7,4,60,20010,10043,1,42,0
10043,锻造成就II,1,0,2061,"获得200点锻造成就,可提升200战力",7,4,200,20011,10044,0,43,0
10044,锻造成就III,1,0,2062,"获得400点锻造成就,可提升400战力",7,4,400,20012,10045,0,44,0
10045,末日之斧,1,0,2010,"获得800点锻造成就,可解锁神器：末日之斧",7,4,800,20004,0,0,45,0
10047,羁绊成就I,1,0,2063,"获得80点羁绊成就,可提升50战力",7,3,80,20010,10048,1,47,0
10048,羁绊成就II,1,0,2064,"获得200点羁绊成就,可提升200战力",7,3,200,20011,10049,0,48,0
10049,羁绊成就III,1,0,2065,"获得600点羁绊成就,可提升400战力",7,3,600,20012,10050,0,49,0
10050,朗基努斯之枪,1,0,2008,"获得1000点羁绊成就,可解锁神器：朗基努斯之枪",7,3,1000,20002,10051,0,50,0
10051,羁绊成就,1,0,1016,"获得1000点羁绊成就,可获得1个黄水晶",7,3,1000,20009,10051,0,51,0
10052,命运轮回之剑,1,0,2011,解锁十把神器可解锁终极神器：命运轮回之剑,13,0,10,20005,0,0,50,0
10053,首充奖励,1,0,1016,首充送专属佣兵：机器猫，20万金币，3个巨魔雕像。,0,2,1,20009,0,0,49,1
20001,收集300铜矿,0,0,1001,<c r=75 g=41 b=0>通过挖矿获得</c><c r=204 g=96 b=0>300</c><c r=75 g=41 b=0>个铜矿</c><n></n><c r=75 g=41 b=0>可获得</c><c r=204 g=96 b=0>30</c><c r=75 g=41 b=0>血钻</c>,0,101,300,102203,20002,1,1,0
20002,收集600铜矿,0,0,1001,<c r=75 g=41 b=0>通过挖矿获得<c r=204 g=96 b=0>600</c>个铜矿</c><n></n><c r=75 g=41 b=0>可获得</c><c r=204 g=96 b=0>40</c><c r=75 g=41 b=0>血钻</c>,0,101,600,102204,20003,0,2,0
20003,收集900铜矿,0,0,1001,<c r=75 g=41 b=0>通过挖矿获得<c r=204 g=96 b=0>900</c>个铜矿</c><n></n><c r=75 g=41 b=0>可获得</c><c r=204 g=96 b=0>50</c><c r=75 g=41 b=0>血钻</c>,0,101,900,102205,20004,0,3,0
20004,收集1200铜矿,0,0,1001,<c r=75 g=41 b=0>通过挖矿获得<c r=204 g=96 b=0>1200</c>个铜矿</c><n></n><c r=75 g=41 b=0>可获得</c><c r=204 g=96 b=0>60</c><c r=75 g=41 b=0>血钻</c>,0,101,1200,102206,20005,0,4,0
20005,收集1500铜矿,0,0,1001,<c r=75 g=41 b=0>通过挖矿获得<c r=204 g=96 b=0>1500</c>个铜矿</c><n></n><c r=75 g=41 b=0>可获得</c><c r=204 g=96 b=0>70</c><c r=75 g=41 b=0>血钻</c>,0,101,1500,102207,20006,0,5,0
20006,收集1800铜矿,0,0,1001,<c r=75 g=41 b=0>通过挖矿获得<c r=204 g=96 b=0>1800</c>个铜矿</c><n></n><c r=75 g=41 b=0>可获得</c><c r=204 g=96 b=0>80</c><c r=75 g=41 b=0>血钻</c>,0,101,1800,102208,20007,0,6,0
20007,收集2100铜矿,0,0,1001,<c r=75 g=41 b=0>通过挖矿获得<c r=204 g=96 b=0>2100</c>个铜矿</c><n></n><c r=75 g=41 b=0>可获得</c><c r=204 g=96 b=0>90</c><c r=75 g=41 b=0>血钻</c>,0,101,2100,102209,20008,0,7,0
20008,收集2400铜矿,0,0,1001,<c r=75 g=41 b=0>通过挖矿获得<c r=204 g=96 b=0>2400</c>个铜矿</c><n></n><c r=75 g=41 b=0>可获得</c><c r=204 g=96 b=0>100</c><c r=75 g=41 b=0>血钻</c>,0,101,2400,102210,20009,0,8,0
20009,收集2700铜矿,0,0,1001,<c r=75 g=41 b=0>通过挖矿获得<c r=204 g=96 b=0>2700</c>个铜矿</c><n></n><c r=75 g=41 b=0>可获得</c><c r=204 g=96 b=0>110</c><c r=75 g=41 b=0>血钻</c>,0,101,2700,102211,20010,0,9,0
20010,收集3000铜矿,0,0,1001,<c r=75 g=41 b=0>通过挖矿获得<c r=204 g=96 b=0>3000</c>个铜矿</c><n></n><c r=75 g=41 b=0>可获得</c><c r=204 g=96 b=0>120</c><c r=75 g=41 b=0>血钻</c>,0,101,3000,102212,0,0,10,0
20011,收集300锡矿,0,0,1001,<c r=75 g=41 b=0>通过挖矿获得<c r=204 g=96 b=0>300</c>个锡矿</c><n></n><c r=75 g=41 b=0>可获得</c><c r=204 g=96 b=0>30</c><c r=75 g=41 b=0>血钻</c>,0,102,300,102203,20012,1,11,0
20012,收集600锡矿,0,0,1001,<c r=75 g=41 b=0>通过挖矿获得<c r=204 g=96 b=0>600</c>个锡矿</c><n></n><c r=75 g=41 b=0>可获得</c><c r=204 g=96 b=0>40</c><c r=75 g=41 b=0>血钻</c>,0,102,600,102204,20013,0,12,0
20013,收集900锡矿,0,0,1001,<c r=75 g=41 b=0>通过挖矿获得<c r=204 g=96 b=0>900</c>个锡矿</c><n></n><c r=75 g=41 b=0>可获得</c><c r=204 g=96 b=0>50</c><c r=75 g=41 b=0>血钻</c>,0,102,900,102205,20014,0,13,0
20014,收集1200锡矿,0,0,1001,<c r=75 g=41 b=0>通过挖矿获得<c r=204 g=96 b=0>1200</c>个锡矿</c><n></n><c r=75 g=41 b=0>可获得</c><c r=204 g=96 b=0>60</c><c r=75 g=41 b=0>血钻</c>,0,102,1200,102206,20015,0,14,0
20015,收集1500锡矿,0,0,1001,<c r=75 g=41 b=0>通过挖矿获得<c r=204 g=96 b=0>1500</c>个锡矿</c><n></n><c r=75 g=41 b=0>可获得</c><c r=204 g=96 b=0>70</c><c r=75 g=41 b=0>血钻</c>,0,102,1500,102207,20016,0,15,0
20016,收集1800锡矿,0,0,1001,<c r=75 g=41 b=0>通过挖矿获得<c r=204 g=96 b=0>1800</c>个锡矿</c><n></n><c r=75 g=41 b=0>可获得</c><c r=204 g=96 b=0>80</c><c r=75 g=41 b=0>血钻</c>,0,102,1800,102208,20017,0,16,0
20017,收集2100锡矿,0,0,1001,<c r=75 g=41 b=0>通过挖矿获得<c r=204 g=96 b=0>2100</c>个锡矿</c><n></n><c r=75 g=41 b=0>可获得</c><c r=204 g=96 b=0>90</c><c r=75 g=41 b=0>血钻</c>,0,102,2100,102209,20018,0,17,0
20018,收集2400锡矿,0,0,1001,<c r=75 g=41 b=0>通过挖矿获得<c r=204 g=96 b=0>2400</c>个锡矿</c><n></n><c r=75 g=41 b=0>可获得</c><c r=204 g=96 b=0>100</c><c r=75 g=41 b=0>血钻</c>,0,102,2400,102210,20019,0,18,0
20019,收集2700锡矿,0,0,1001,<c r=75 g=41 b=0>通过挖矿获得<c r=204 g=96 b=0>2700</c>个锡矿</c><n></n><c r=75 g=41 b=0>可获得</c><c r=204 g=96 b=0>110</c><c r=75 g=41 b=0>血钻</c>,0,102,2700,102211,20020,0,19,0
20020,收集3000锡矿,0,0,1001,<c r=75 g=41 b=0>通过挖矿获得<c r=204 g=96 b=0>3000</c>个锡矿</c><n></n><c r=75 g=41 b=0>可获得</c><c r=204 g=96 b=0>120</c><c r=75 g=41 b=0>血钻</c>,0,102,3000,102212,0,0,20,0
20021,收集300铁矿,0,0,1001,<c r=75 g=41 b=0>通过挖矿获得<c r=204 g=96 b=0>300</c>个铁矿</c><n></n><c r=75 g=41 b=0>可获得</c><c r=204 g=96 b=0>30</c><c r=75 g=41 b=0>血钻</c>,0,103,300,102203,20022,1,21,0
20022,收集600铁矿,0,0,1001,<c r=75 g=41 b=0>通过挖矿获得<c r=204 g=96 b=0>600</c>个铁矿</c><n></n><c r=75 g=41 b=0>可获得</c><c r=204 g=96 b=0>40</c><c r=75 g=41 b=0>血钻</c>,0,103,600,102204,20023,0,22,0
20023,收集900铁矿,0,0,1001,<c r=75 g=41 b=0>通过挖矿获得<c r=204 g=96 b=0>900</c>个铁矿</c><n></n><c r=75 g=41 b=0>可获得</c><c r=204 g=96 b=0>50</c><c r=75 g=41 b=0>血钻</c>,0,103,900,102205,20024,0,23,0
20024,收集1200铁矿,0,0,1001,<c r=75 g=41 b=0>通过挖矿获得<c r=204 g=96 b=0>1200</c>个铁矿</c><n></n><c r=75 g=41 b=0>可获得</c><c r=204 g=96 b=0>60</c><c r=75 g=41 b=0>血钻</c>,0,103,1200,102206,20025,0,24,0
20025,收集1500铁矿,0,0,1001,<c r=75 g=41 b=0>通过挖矿获得<c r=204 g=96 b=0>1500</c>个铁矿</c><n></n><c r=75 g=41 b=0>可获得</c><c r=204 g=96 b=0>70</c><c r=75 g=41 b=0>血钻</c>,0,103,1500,102207,20026,0,25,0
20026,收集1800铁矿,0,0,1001,<c r=75 g=41 b=0>通过挖矿获得<c r=204 g=96 b=0>1800</c>个铁矿</c><n></n><c r=75 g=41 b=0>可获得</c><c r=204 g=96 b=0>80</c><c r=75 g=41 b=0>血钻</c>,0,103,1800,102208,20027,0,26,0
20027,收集2100铁矿,0,0,1001,<c r=75 g=41 b=0>通过挖矿获得<c r=204 g=96 b=0>2100</c>个铁矿</c><n></n><c r=75 g=41 b=0>可获得</c><c r=204 g=96 b=0>90</c><c r=75 g=41 b=0>血钻</c>,0,103,2100,102209,20028,0,27,0
20028,收集2400铁矿,0,0,1001,<c r=75 g=41 b=0>通过挖矿获得<c r=204 g=96 b=0>2400</c>个铁矿</c><n></n><c r=75 g=41 b=0>可获得</c><c r=204 g=96 b=0>100</c><c r=75 g=41 b=0>血钻</c>,0,103,2400,102210,20029,0,28,0
20029,收集2700铁矿,0,0,1001,<c r=75 g=41 b=0>通过挖矿获得<c r=204 g=96 b=0>2700</c>个铁矿</c><n></n><c r=75 g=41 b=0>可获得</c><c r=204 g=96 b=0>110</c><c r=75 g=41 b=0>血钻</c>,0,103,2700,102211,20030,0,29,0
20030,收集3000铁矿,0,0,1001,<c r=75 g=41 b=0>通过挖矿获得<c r=204 g=96 b=0>3000</c>个铁矿</c><n></n><c r=75 g=41 b=0>可获得</c><c r=204 g=96 b=0>120</c><c r=75 g=41 b=0>血钻</c>,0,103,3000,102212,0,0,30,0
20031,收集300白银,0,0,1001,<c r=75 g=41 b=0>通过挖矿获得<c r=204 g=96 b=0>300</c>个白银</c><n></n><c r=75 g=41 b=0>可获得</c><c r=204 g=96 b=0>30</c><c r=75 g=41 b=0>血钻</c>,0,104,300,102203,20032,1,31,0
20032,收集600白银,0,0,1001,<c r=75 g=41 b=0>通过挖矿获得<c r=204 g=96 b=0>600</c>个白银</c><n></n><c r=75 g=41 b=0>可获得</c><c r=204 g=96 b=0>40</c><c r=75 g=41 b=0>血钻</c>,0,104,600,102204,20033,0,32,0
20033,收集900白银,0,0,1001,<c r=75 g=41 b=0>通过挖矿获得<c r=204 g=96 b=0>900</c>个白银</c><n></n><c r=75 g=41 b=0>可获得</c><c r=204 g=96 b=0>50</c><c r=75 g=41 b=0>血钻</c>,0,104,900,102205,20034,0,33,0
20034,收集1200白银,0,0,1001,<c r=75 g=41 b=0>通过挖矿获得<c r=204 g=96 b=0>1200</c>个白银</c><n></n><c r=75 g=41 b=0>可获得</c><c r=204 g=96 b=0>60</c><c r=75 g=41 b=0>血钻</c>,0,104,1200,102206,20035,0,34,0
20035,收集1500白银,0,0,1001,<c r=75 g=41 b=0>通过挖矿获得<c r=204 g=96 b=0>1500</c>个白银</c><n></n><c r=75 g=41 b=0>可获得</c><c r=204 g=96 b=0>70</c><c r=75 g=41 b=0>血钻</c>,0,104,1500,102207,20036,0,35,0
20036,收集1800白银,0,0,1001,<c r=75 g=41 b=0>通过挖矿获得<c r=204 g=96 b=0>1800</c>个白银</c><n></n><c r=75 g=41 b=0>可获得</c><c r=204 g=96 b=0>80</c><c r=75 g=41 b=0>血钻</c>,0,104,1800,102208,20037,0,36,0
20037,收集2100白银,0,0,1001,<c r=75 g=41 b=0>通过挖矿获得<c r=204 g=96 b=0>2100</c>个白银</c><n></n><c r=75 g=41 b=0>可获得</c><c r=204 g=96 b=0>90</c><c r=75 g=41 b=0>血钻</c>,0,104,2100,102209,20038,0,37,0
20038,收集2400白银,0,0,1001,<c r=75 g=41 b=0>通过挖矿获得<c r=204 g=96 b=0>2400</c>个白银</c><n></n><c r=75 g=41 b=0>可获得</c><c r=204 g=96 b=0>100</c><c r=75 g=41 b=0>血钻</c>,0,104,2400,102210,20039,0,38,0
20039,收集2700白银,0,0,1001,<c r=75 g=41 b=0>通过挖矿获得<c r=204 g=96 b=0>2700</c>个白银</c><n></n><c r=75 g=41 b=0>可获得</c><c r=204 g=96 b=0>110</c><c r=75 g=41 b=0>血钻</c>,0,104,2700,102211,20040,0,39,0
20040,收集3000白银,0,0,1001,<c r=75 g=41 b=0>通过挖矿获得<c r=204 g=96 b=0>3000</c>个白银</c><n></n><c r=75 g=41 b=0>可获得</c><c r=204 g=96 b=0>120</c><c r=75 g=41 b=0>血钻</c>,0,104,3000,102212,0,0,40,0
20041,收集300黄金,0,0,1001,<c r=75 g=41 b=0>通过挖矿获得<c r=204 g=96 b=0>300</c>个黄金</c><n></n><c r=75 g=41 b=0>可获得</c><c r=204 g=96 b=0>30</c><c r=75 g=41 b=0>血钻</c>,0,105,300,102203,20042,1,41,0
20042,收集600黄金,0,0,1001,<c r=75 g=41 b=0>通过挖矿获得<c r=204 g=96 b=0>600</c>个黄金</c><n></n><c r=75 g=41 b=0>可获得</c><c r=204 g=96 b=0>40</c><c r=75 g=41 b=0>血钻</c>,0,105,600,102204,20043,0,42,0
20043,收集900黄金,0,0,1001,<c r=75 g=41 b=0>通过挖矿获得<c r=204 g=96 b=0>900</c>个黄金</c><n></n><c r=75 g=41 b=0>可获得</c><c r=204 g=96 b=0>50</c><c r=75 g=41 b=0>血钻</c>,0,105,900,102205,20044,0,43,0
20044,收集1200黄金,0,0,1001,<c r=75 g=41 b=0>通过挖矿获得<c r=204 g=96 b=0>1200</c>个黄金</c><n></n><c r=75 g=41 b=0>可获得</c><c r=204 g=96 b=0>60</c><c r=75 g=41 b=0>血钻</c>,0,105,1200,102206,20045,0,44,0
20045,收集1500黄金,0,0,1001,<c r=75 g=41 b=0>通过挖矿获得<c r=204 g=96 b=0>1500</c>个黄金</c><n></n><c r=75 g=41 b=0>可获得</c><c r=204 g=96 b=0>70</c><c r=75 g=41 b=0>血钻</c>,0,105,1500,102207,20046,0,45,0
20046,收集1800黄金,0,0,1001,<c r=75 g=41 b=0>通过挖矿获得<c r=204 g=96 b=0>1800</c>个黄金</c><n></n><c r=75 g=41 b=0>可获得</c><c r=204 g=96 b=0>80</c><c r=75 g=41 b=0>血钻</c>,0,105,1800,102208,20047,0,46,0
20047,收集2100黄金,0,0,1001,<c r=75 g=41 b=0>通过挖矿获得<c r=204 g=96 b=0>2100</c>个黄金</c><n></n><c r=75 g=41 b=0>可获得</c><c r=204 g=96 b=0>90</c><c r=75 g=41 b=0>血钻</c>,0,105,2100,102209,20048,0,47,0
20048,收集2400黄金,0,0,1001,<c r=75 g=41 b=0>通过挖矿获得<c r=204 g=96 b=0>2400</c>个黄金</c><n></n><c r=75 g=41 b=0>可获得</c><c r=204 g=96 b=0>100</c><c r=75 g=41 b=0>血钻</c>,0,105,2400,102210,20049,0,48,0
20049,收集2700黄金,0,0,1001,<c r=75 g=41 b=0>通过挖矿获得<c r=204 g=96 b=0>2700</c>个黄金</c><n></n><c r=75 g=41 b=0>可获得</c><c r=204 g=96 b=0>110</c><c r=75 g=41 b=0>血钻</c>,0,105,2700,102211,20050,0,49,0
20050,收集3000黄金,0,0,1001,<c r=75 g=41 b=0>通过挖矿获得<c r=204 g=96 b=0>3000</c>个黄金</c><n></n><c r=75 g=41 b=0>可获得</c><c r=204 g=96 b=0>120</c><c r=75 g=41 b=0>血钻</c>,0,105,3000,102212,0,0,50,0
20051,收集10红宝石,0,0,1001,<c r=75 g=41 b=0>通过挖矿获得<c r=204 g=96 b=0>10</c>个红宝石</c><n></n><c r=75 g=41 b=0>可获得</c><c r=204 g=96 b=0>30</c><c r=75 g=41 b=0>血钻</c>,0,108,10,102203,20052,1,51,0
20052,收集30红宝石,0,0,1001,<c r=75 g=41 b=0>通过挖矿获得<c r=204 g=96 b=0>30</c>个红宝石</c><n></n><c r=75 g=41 b=0>可获得</c><c r=204 g=96 b=0>40</c><c r=75 g=41 b=0>血钻</c>,0,108,30,102204,20053,0,52,0
20053,收集50红宝石,0,0,1001,<c r=75 g=41 b=0>通过挖矿获得<c r=204 g=96 b=0>50</c>个红宝石</c><n></n><c r=75 g=41 b=0>可获得</c><c r=204 g=96 b=0>50</c><c r=75 g=41 b=0>血钻</c>,0,108,50,102205,20054,0,53,0
20054,收集100红宝石,0,0,1001,<c r=75 g=41 b=0>通过挖矿获得<c r=204 g=96 b=0>100</c>个红宝石</c><n></n><c r=75 g=41 b=0>可获得</c><c r=204 g=96 b=0>60</c><c r=75 g=41 b=0>血钻</c>,0,108,100,102206,20055,0,54,0
20055,收集200红宝石,0,0,1001,<c r=75 g=41 b=0>通过挖矿获得<c r=204 g=96 b=0>200</c>个红宝石</c><n></n><c r=75 g=41 b=0>可获得</c><c r=204 g=96 b=0>70</c><c r=75 g=41 b=0>血钻</c>,0,108,200,102207,20056,0,55,0
20056,收集300红宝石,0,0,1001,<c r=75 g=41 b=0>通过挖矿获得<c r=204 g=96 b=0>300</c>个红宝石</c><n></n><c r=75 g=41 b=0>可获得</c><c r=204 g=96 b=0>80</c><c r=75 g=41 b=0>血钻</c>,0,108,300,102208,20057,0,56,0
20057,收集400红宝石,0,0,1001,<c r=75 g=41 b=0>通过挖矿获得<c r=204 g=96 b=0>400</c>个红宝石</c><n></n><c r=75 g=41 b=0>可获得</c><c r=204 g=96 b=0>90</c><c r=75 g=41 b=0>血钻</c>,0,108,400,102209,20058,0,57,0
20058,收集500红宝石,0,0,1001,<c r=75 g=41 b=0>通过挖矿获得<c r=204 g=96 b=0>500</c>个红宝石</c><n></n><c r=75 g=41 b=0>可获得</c><c r=204 g=96 b=0>100</c><c r=75 g=41 b=0>血钻</c>,0,108,500,102210,20059,0,58,0
20059,收集600红宝石,0,0,1001,<c r=75 g=41 b=0>通过挖矿获得<c r=204 g=96 b=0>600</c>个红宝石</c><n></n><c r=75 g=41 b=0>可获得</c><c r=204 g=96 b=0>110</c><c r=75 g=41 b=0>血钻</c>,0,108,600,102211,20060,0,59,0
20060,收集700红宝石,0,0,1001,<c r=75 g=41 b=0>通过挖矿获得<c r=204 g=96 b=0>700</c>个红宝石</c><n></n><c r=75 g=41 b=0>可获得</c><c r=204 g=96 b=0>120</c><c r=75 g=41 b=0>血钻</c>,0,108,700,102212,0,0,60,0
20061,收集10紫宝石,0,0,1001,<c r=75 g=41 b=0>通过挖矿获得<c r=204 g=96 b=0>10</c>个紫宝石</c><n></n><c r=75 g=41 b=0>可获得</c><c r=204 g=96 b=0>30</c><c r=75 g=41 b=0>血钻</c>,0,109,10,102203,20062,1,61,0
20062,收集30紫宝石,0,0,1001,<c r=75 g=41 b=0>通过挖矿获得<c r=204 g=96 b=0>30</c>个紫宝石</c><n></n><c r=75 g=41 b=0>可获得</c><c r=204 g=96 b=0>40</c><c r=75 g=41 b=0>血钻</c>,0,109,30,102204,20063,0,62,0
20063,收集50紫宝石,0,0,1001,<c r=75 g=41 b=0>通过挖矿获得<c r=204 g=96 b=0>50</c>个紫宝石</c><n></n><c r=75 g=41 b=0>可获得</c><c r=204 g=96 b=0>50</c><c r=75 g=41 b=0>血钻</c>,0,109,50,102205,20064,0,63,0
20064,收集100紫宝石,0,0,1001,<c r=75 g=41 b=0>通过挖矿获得<c r=204 g=96 b=0>100</c>个紫宝石</c><n></n><c r=75 g=41 b=0>可获得</c><c r=204 g=96 b=0>60</c><c r=75 g=41 b=0>血钻</c>,0,109,100,102206,20065,0,64,0
20065,收集200紫宝石,0,0,1001,<c r=75 g=41 b=0>通过挖矿获得<c r=204 g=96 b=0>200</c>个紫宝石</c><n></n><c r=75 g=41 b=0>可获得</c><c r=204 g=96 b=0>70</c><c r=75 g=41 b=0>血钻</c>,0,109,200,102207,20066,0,65,0
20066,收集300紫宝石,0,0,1001,<c r=75 g=41 b=0>通过挖矿获得<c r=204 g=96 b=0>300</c>个紫宝石</c><n></n><c r=75 g=41 b=0>可获得</c><c r=204 g=96 b=0>80</c><c r=75 g=41 b=0>血钻</c>,0,109,300,102208,20067,0,66,0
20067,收集400紫宝石,0,0,1001,<c r=75 g=41 b=0>通过挖矿获得<c r=204 g=96 b=0>400</c>个紫宝石</c><n></n><c r=75 g=41 b=0>可获得</c><c r=204 g=96 b=0>90</c><c r=75 g=41 b=0>血钻</c>,0,109,400,102209,20068,0,67,0
20068,收集500紫宝石,0,0,1001,<c r=75 g=41 b=0>通过挖矿获得<c r=204 g=96 b=0>500</c>个紫宝石</c><n></n><c r=75 g=41 b=0>可获得</c><c r=204 g=96 b=0>100</c><c r=75 g=41 b=0>血钻</c>,0,109,500,102210,20069,0,68,0
20069,收集600紫宝石,0,0,1001,<c r=75 g=41 b=0>通过挖矿获得<c r=204 g=96 b=0>600</c>个紫宝石</c><n></n><c r=75 g=41 b=0>可获得</c><c r=204 g=96 b=0>110</c><c r=75 g=41 b=0>血钻</c>,0,109,600,102211,20070,0,69,0
20070,收集700紫宝石,0,0,1001,<c r=75 g=41 b=0>通过挖矿获得<c r=204 g=96 b=0>700</c>个紫宝石</c><n></n><c r=75 g=41 b=0>可获得</c><c r=204 g=96 b=0>120</c><c r=75 g=41 b=0>血钻</c>,0,109,700,102212,0,0,70,0
20071,收集10绿宝石,0,0,1001,<c r=75 g=41 b=0>通过挖矿获得<c r=204 g=96 b=0>10</c>个绿宝石</c><n></n><c r=75 g=41 b=0>可获得</c><c r=204 g=96 b=0>30</c><c r=75 g=41 b=0>血钻</c>,0,110,10,102203,20072,1,71,0
20072,收集30绿宝石,0,0,1001,<c r=75 g=41 b=0>通过挖矿获得<c r=204 g=96 b=0>30</c>个绿宝石</c><n></n><c r=75 g=41 b=0>可获得</c><c r=204 g=96 b=0>40</c><c r=75 g=41 b=0>血钻</c>,0,110,30,102204,20073,0,72,0
20073,收集50绿宝石,0,0,1001,<c r=75 g=41 b=0>通过挖矿获得<c r=204 g=96 b=0>50</c>个绿宝石</c><n></n><c r=75 g=41 b=0>可获得</c><c r=204 g=96 b=0>50</c><c r=75 g=41 b=0>血钻</c>,0,110,50,102205,20074,0,73,0
20074,收集100绿宝石,0,0,1001,<c r=75 g=41 b=0>通过挖矿获得<c r=204 g=96 b=0>100</c>个绿宝石</c><n></n><c r=75 g=41 b=0>可获得</c><c r=204 g=96 b=0>60</c><c r=75 g=41 b=0>血钻</c>,0,110,100,102206,20075,0,74,0
20075,收集200绿宝石,0,0,1001,<c r=75 g=41 b=0>通过挖矿获得<c r=204 g=96 b=0>200</c>个绿宝石</c><n></n><c r=75 g=41 b=0>可获得</c><c r=204 g=96 b=0>70</c><c r=75 g=41 b=0>血钻</c>,0,110,200,102207,20076,0,75,0
20076,收集300绿宝石,0,0,1001,<c r=75 g=41 b=0>通过挖矿获得<c r=204 g=96 b=0>300</c>个绿宝石</c><n></n><c r=75 g=41 b=0>可获得</c><c r=204 g=96 b=0>80</c><c r=75 g=41 b=0>血钻</c>,0,110,300,102208,20077,0,76,0
20077,收集400绿宝石,0,0,1001,<c r=75 g=41 b=0>通过挖矿获得<c r=204 g=96 b=0>400</c>个绿宝石</c><n></n><c r=75 g=41 b=0>可获得</c><c r=204 g=96 b=0>90</c><c r=75 g=41 b=0>血钻</c>,0,110,400,102209,20078,0,77,0
20078,收集500绿宝石,0,0,1001,<c r=75 g=41 b=0>通过挖矿获得<c r=204 g=96 b=0>500</c>个绿宝石</c><n></n><c r=75 g=41 b=0>可获得</c><c r=204 g=96 b=0>100</c><c r=75 g=41 b=0>血钻</c>,0,110,500,102210,20079,0,78,0
20079,收集600绿宝石,0,0,1001,<c r=75 g=41 b=0>通过挖矿获得<c r=204 g=96 b=0>600</c>个绿宝石</c><n></n><c r=75 g=41 b=0>可获得</c><c r=204 g=96 b=0>110</c><c r=75 g=41 b=0>血钻</c>,0,110,600,102211,20080,0,79,0
20080,收集700绿宝石,0,0,1001,<c r=75 g=41 b=0>通过挖矿获得<c r=204 g=96 b=0>700</c>个绿宝石</c><n></n><c r=75 g=41 b=0>可获得</c><c r=204 g=96 b=0>120</c><c r=75 g=41 b=0>血钻</c>,0,110,700,102212,0,0,80,0
20081,收集10黄宝石,0,0,1001,<c r=75 g=41 b=0>通过挖矿获得<c r=204 g=96 b=0>10</c>个黄宝石</c><n></n><c r=75 g=41 b=0>可获得</c><c r=204 g=96 b=0>30</c><c r=75 g=41 b=0>血钻</c>,0,111,10,102203,20082,1,81,0
20082,收集30黄宝石,0,0,1001,<c r=75 g=41 b=0>通过挖矿获得<c r=204 g=96 b=0>30</c>个黄宝石</c><n></n><c r=75 g=41 b=0>可获得</c><c r=204 g=96 b=0>40</c><c r=75 g=41 b=0>血钻</c>,0,111,30,102204,20083,0,82,0
20083,收集50黄宝石,0,0,1001,<c r=75 g=41 b=0>通过挖矿获得<c r=204 g=96 b=0>50</c>个黄宝石</c><n></n><c r=75 g=41 b=0>可获得</c><c r=204 g=96 b=0>50</c><c r=75 g=41 b=0>血钻</c>,0,111,50,102205,20084,0,83,0
20084,收集100黄宝石,0,0,1001,<c r=75 g=41 b=0>通过挖矿获得<c r=204 g=96 b=0>100</c>个黄宝石</c><n></n><c r=75 g=41 b=0>可获得</c><c r=204 g=96 b=0>60</c><c r=75 g=41 b=0>血钻</c>,0,111,100,102206,20085,0,84,0
20085,收集200黄宝石,0,0,1001,<c r=75 g=41 b=0>通过挖矿获得<c r=204 g=96 b=0>200</c>个黄宝石</c><n></n><c r=75 g=41 b=0>可获得</c><c r=204 g=96 b=0>70</c><c r=75 g=41 b=0>血钻</c>,0,111,200,102207,20086,0,85,0
20086,收集300黄宝石,0,0,1001,<c r=75 g=41 b=0>通过挖矿获得<c r=204 g=96 b=0>300</c>个黄宝石</c><n></n><c r=75 g=41 b=0>可获得</c><c r=204 g=96 b=0>80</c><c r=75 g=41 b=0>血钻</c>,0,111,300,102208,20087,0,86,0
20087,收集400黄宝石,0,0,1001,<c r=75 g=41 b=0>通过挖矿获得<c r=204 g=96 b=0>400</c>个黄宝石</c><n></n><c r=75 g=41 b=0>可获得</c><c r=204 g=96 b=0>90</c><c r=75 g=41 b=0>血钻</c>,0,111,400,102209,20088,0,87,0
20088,收集500黄宝石,0,0,1001,<c r=75 g=41 b=0>通过挖矿获得<c r=204 g=96 b=0>500</c>个黄宝石</c><n></n><c r=75 g=41 b=0>可获得</c><c r=204 g=96 b=0>100</c><c r=75 g=41 b=0>血钻</c>,0,111,500,102210,20089,0,88,0
20089,收集600黄宝石,0,0,1001,<c r=75 g=41 b=0>通过挖矿获得<c r=204 g=96 b=0>600</c>个黄宝石</c><n></n><c r=75 g=41 b=0>可获得</c><c r=204 g=96 b=0>110</c><c r=75 g=41 b=0>血钻</c>,0,111,600,102211,20090,0,89,0
20090,收集700黄宝石,0,0,1001,<c r=75 g=41 b=0>通过挖矿获得<c r=204 g=96 b=0>700</c>个黄宝石</c><n></n><c r=75 g=41 b=0>可获得</c><c r=204 g=96 b=0>120</c><c r=75 g=41 b=0>血钻</c>,0,111,700,102212,0,0,90,0
20091,收集10钻石,0,0,1001,<c r=75 g=41 b=0>通过挖矿获得<c r=204 g=96 b=0>10</c>个钻石</c><n></n><c r=75 g=41 b=0>可获得</c><c r=204 g=96 b=0>30</c><c r=75 g=41 b=0>血钻</c>,0,106,10,102203,20092,1,91,0
20092,收集30钻石,0,0,1001,<c r=75 g=41 b=0>通过挖矿获得<c r=204 g=96 b=0>30</c>个钻石</c><n></n><c r=75 g=41 b=0>可获得</c><c r=204 g=96 b=0>40</c><c r=75 g=41 b=0>血钻</c>,0,106,30,102204,20093,0,92,0
20093,收集50钻石,0,0,1001,<c r=75 g=41 b=0>通过挖矿获得<c r=204 g=96 b=0>50</c>个钻石</c><n></n><c r=75 g=41 b=0>可获得</c><c r=204 g=96 b=0>50</c><c r=75 g=41 b=0>血钻</c>,0,106,50,102205,20094,0,93,0
20094,收集100钻石,0,0,1001,<c r=75 g=41 b=0>通过挖矿获得<c r=204 g=96 b=0>100</c>个钻石</c><n></n><c r=75 g=41 b=0>可获得</c><c r=204 g=96 b=0>60</c><c r=75 g=41 b=0>血钻</c>,0,106,100,102206,20095,0,94,0
20095,收集200钻石,0,0,1001,<c r=75 g=41 b=0>通过挖矿获得<c r=204 g=96 b=0>200</c>个钻石</c><n></n><c r=75 g=41 b=0>可获得</c><c r=204 g=96 b=0>70</c><c r=75 g=41 b=0>血钻</c>,0,106,200,102207,20096,0,95,0
20096,收集300钻石,0,0,1001,<c r=75 g=41 b=0>通过挖矿获得<c r=204 g=96 b=0>300</c>个钻石</c><n></n><c r=75 g=41 b=0>可获得</c><c r=204 g=96 b=0>80</c><c r=75 g=41 b=0>血钻</c>,0,106,300,102208,20097,0,96,0
20097,收集400钻石,0,0,1001,<c r=75 g=41 b=0>通过挖矿获得<c r=204 g=96 b=0>400</c>个钻石</c><n></n><c r=75 g=41 b=0>可获得</c><c r=204 g=96 b=0>90</c><c r=75 g=41 b=0>血钻</c>,0,106,400,102209,20098,0,97,0
20098,收集500钻石,0,0,1001,<c r=75 g=41 b=0>通过挖矿获得<c r=204 g=96 b=0>500</c>个钻石</c><n></n><c r=75 g=41 b=0>可获得</c><c r=204 g=96 b=0>100</c><c r=75 g=41 b=0>血钻</c>,0,106,500,102210,20099,0,98,0
20099,收集600钻石,0,0,1001,<c r=75 g=41 b=0>通过挖矿获得<c r=204 g=96 b=0>600</c>个钻石</c><n></n><c r=75 g=41 b=0>可获得</c><c r=204 g=96 b=0>110</c><c r=75 g=41 b=0>血钻</c>,0,106,600,102211,20100,0,99,0
20100,收集700钻石,0,0,1001,<c r=75 g=41 b=0>通过挖矿获得<c r=204 g=96 b=0>700</c>个钻石</c><n></n><c r=75 g=41 b=0>可获得</c><c r=204 g=96 b=0>120</c><c r=75 g=41 b=0>血钻</c>,0,106,700,102212,0,0,100,0
20101,收集5泰坦铁,0,0,1001,<c r=75 g=41 b=0>通过挖矿获得<c r=204 g=96 b=0>5</c>个泰坦铁</c><n></n><c r=75 g=41 b=0>可获得</c><c r=204 g=96 b=0>30</c><c r=75 g=41 b=0>血钻</c>,0,107,5,102203,20102,1,101,0
20102,收集10泰坦铁,0,0,1001,<c r=75 g=41 b=0>通过挖矿获得<c r=204 g=96 b=0>10</c>个泰坦铁</c><n></n><c r=75 g=41 b=0>可获得</c><c r=204 g=96 b=0>40</c><c r=75 g=41 b=0>血钻</c>,0,107,10,102204,20103,0,102,0
20103,收集20泰坦铁,0,0,1001,<c r=75 g=41 b=0>通过挖矿获得<c r=204 g=96 b=0>20</c>个泰坦铁</c><n></n><c r=75 g=41 b=0>可获得</c><c r=204 g=96 b=0>50</c><c r=75 g=41 b=0>血钻</c>,0,107,20,102205,20104,0,103,0
20104,收集30泰坦铁,0,0,1001,<c r=75 g=41 b=0>通过挖矿获得<c r=204 g=96 b=0>30</c>个泰坦铁</c><n></n><c r=75 g=41 b=0>可获得</c><c r=204 g=96 b=0>60</c><c r=75 g=41 b=0>血钻</c>,0,107,30,102206,20105,0,104,0
20105,收集50泰坦铁,0,0,1001,<c r=75 g=41 b=0>通过挖矿获得<c r=204 g=96 b=0>50</c>个泰坦铁</c><n></n><c r=75 g=41 b=0>可获得</c><c r=204 g=96 b=0>70</c><c r=75 g=41 b=0>血钻</c>,0,107,50,102207,20106,0,105,0
20106,收集80泰坦铁,0,0,1001,<c r=75 g=41 b=0>通过挖矿获得<c r=204 g=96 b=0>80</c>个泰坦铁</c><n></n><c r=75 g=41 b=0>可获得</c><c r=204 g=96 b=0>80</c><c r=75 g=41 b=0>血钻</c>,0,107,80,102208,20107,0,106,0
20107,收集110泰坦铁,0,0,1001,<c r=75 g=41 b=0>通过挖矿获得<c r=204 g=96 b=0>110</c>个泰坦铁</c><n></n><c r=75 g=41 b=0>可获得</c><c r=204 g=96 b=0>90</c><c r=75 g=41 b=0>血钻</c>,0,107,110,102209,20108,0,107,0
20108,收集140泰坦铁,0,0,1001,<c r=75 g=41 b=0>通过挖矿获得<c r=204 g=96 b=0>140</c>个泰坦铁</c><n></n><c r=75 g=41 b=0>可获得</c><c r=204 g=96 b=0>100</c><c r=75 g=41 b=0>血钻</c>,0,107,140,102210,20109,0,108,0
20109,收集170泰坦铁,0,0,1001,<c r=75 g=41 b=0>通过挖矿获得<c r=204 g=96 b=0>170</c>个泰坦铁</c><n></n><c r=75 g=41 b=0>可获得</c><c r=204 g=96 b=0>110</c><c r=75 g=41 b=0>血钻</c>,0,107,170,102211,20110,0,109,0
20110,收集200泰坦铁,0,0,1001,<c r=75 g=41 b=0>通过挖矿获得<c r=204 g=96 b=0>200</c>个泰坦铁</c><n></n><c r=75 g=41 b=0>可获得</c><c r=204 g=96 b=0>120</c><c r=75 g=41 b=0>血钻</c>,0,107,200,102212,0,0,110,0
20111,击杀巨魔,0,0,1001,<c r=75 g=41 b=0>在矿区击杀<c r=204 g=96 b=0>20</c>只魔铁巨像</c><n></n><c r=75 g=41 b=0>可获得</c><c r=204 g=96 b=0>30</c><c r=75 g=41 b=0>血钻</c>,1,5,20,102203,20112,1,111,0
20112,击杀巨魔,0,0,1001,<c r=75 g=41 b=0>在矿区击杀<c r=204 g=96 b=0>50</c>只魔铁巨像</c><n></n><c r=75 g=41 b=0>可获得</c><c r=204 g=96 b=0>40</c><c r=75 g=41 b=0>血钻</c>,1,5,50,102204,20113,0,112,0
20113,击杀巨魔,0,0,1001,<c r=75 g=41 b=0>在矿区击杀<c r=204 g=96 b=0>100</c>只魔铁巨像</c><n></n><c r=75 g=41 b=0>可获得</c><c r=204 g=96 b=0>50</c><c r=75 g=41 b=0>血钻</c>,1,5,100,102205,20114,0,113,0
20114,击杀巨魔,0,0,1001,<c r=75 g=41 b=0>在矿区击杀<c r=204 g=96 b=0>200</c>只魔铁巨像</c><n></n><c r=75 g=41 b=0>可获得</c><c r=204 g=96 b=0>60</c><c r=75 g=41 b=0>血钻</c>,1,5,200,102206,20115,0,114,0
20115,击杀巨魔,0,0,1001,<c r=75 g=41 b=0>在矿区击杀<c r=204 g=96 b=0>500</c>只魔铁巨像</c><n></n><c r=75 g=41 b=0>可获得</c><c r=204 g=96 b=0>70</c><c r=75 g=41 b=0>血钻</c>,1,5,500,102207,20116,0,115,0
20116,击杀巨魔,0,0,1001,<c r=75 g=41 b=0>在矿区击杀<c r=204 g=96 b=0>1000</c>只魔铁巨像</c><n></n><c r=75 g=41 b=0>可获得</c><c r=204 g=96 b=0>80</c><c r=75 g=41 b=0>血钻</c>,1,5,1000,102208,20117,0,116,0
20117,击杀巨魔,0,0,1001,<c r=75 g=41 b=0>在矿区击杀<c r=204 g=96 b=0>1500</c>只魔铁巨像</c><n></n><c r=75 g=41 b=0>可获得</c><c r=204 g=96 b=0>90</c><c r=75 g=41 b=0>血钻</c>,1,5,1500,102209,20118,0,117,0
20118,击杀巨魔,0,0,1001,<c r=75 g=41 b=0>在矿区击杀<c r=204 g=96 b=0>2000</c>只魔铁巨像</c><n></n><c r=75 g=41 b=0>可获得</c><c r=204 g=96 b=0>100</c><c r=75 g=41 b=0>血钻</c>,1,5,2000,102210,20119,0,118,0
20119,击杀巨魔,0,0,1001,<c r=75 g=41 b=0>在矿区击杀<c r=204 g=96 b=0>2500</c>只魔铁巨像</c><n></n><c r=75 g=41 b=0>可获得</c><c r=204 g=96 b=0>110</c><c r=75 g=41 b=0>血钻</c>,1,5,2500,102211,20120,0,119,0
20120,击杀巨魔,0,0,1001,<c r=75 g=41 b=0>在矿区击杀<c r=204 g=96 b=0>3000</c>只魔铁巨像</c><n></n><c r=75 g=41 b=0>可获得</c><c r=204 g=96 b=0>120</c><c r=75 g=41 b=0>血钻</c>,1,5,3000,102212,0,0,120,0
20131,招募佣兵20次,0,0,1001,<c r=75 g=41 b=0>累积招募佣兵<c r=204 g=96 b=0>20</c>次</c><n></n><c r=75 g=41 b=0>可获得</c><c r=204 g=96 b=0>30</c><c r=75 g=41 b=0>血钻</c>,9,0,20,102203,20132,1,131,0
20132,招募佣兵100次,0,0,1001,<c r=75 g=41 b=0>累积招募佣兵<c r=204 g=96 b=0>100</c>次</c><n></n><c r=75 g=41 b=0>可获得</c><c r=204 g=96 b=0>40</c><c r=75 g=41 b=0>血钻</c>,9,0,100,102204,20133,0,132,0
20133,招募佣兵200次,0,0,1001,<c r=75 g=41 b=0>累积招募佣兵<c r=204 g=96 b=0>200</c>次</c><n></n><c r=75 g=41 b=0>可获得</c><c r=204 g=96 b=0>50</c><c r=75 g=41 b=0>血钻</c>,9,0,200,102205,20134,0,133,0
20134,招募佣兵500次,0,0,1001,<c r=75 g=41 b=0>累积招募佣兵<c r=204 g=96 b=0>500</c>次</c><n></n><c r=75 g=41 b=0>可获得</c><c r=204 g=96 b=0>60</c><c r=75 g=41 b=0>血钻</c>,9,0,500,102206,20135,0,134,0
20135,招募佣兵1000次,0,0,1001,<c r=75 g=41 b=0>累积招募佣兵<c r=204 g=96 b=0>1000</c>次</c><n></n><c r=75 g=41 b=0>可获得</c><c r=204 g=96 b=0>70</c><c r=75 g=41 b=0>血钻</c>,9,0,1000,102207,20136,0,135,0
20136,招募佣兵1500次,0,0,1001,<c r=75 g=41 b=0>累积招募佣兵<c r=204 g=96 b=0>1500</c>次</c><n></n><c r=75 g=41 b=0>可获得</c><c r=204 g=96 b=0>80</c><c r=75 g=41 b=0>血钻</c>,9,0,1500,102208,20137,0,136,0
20137,招募佣兵2000次,0,0,1001,<c r=75 g=41 b=0>累积招募佣兵<c r=204 g=96 b=0>2000</c>次</c><n></n><c r=75 g=41 b=0>可获得</c><c r=204 g=96 b=0>90</c><c r=75 g=41 b=0>血钻</c>,9,0,2000,102209,20138,0,137,0
20138,招募佣兵3000次,0,0,1001,<c r=75 g=41 b=0>累积招募佣兵<c r=204 g=96 b=0>3000</c>次</c><n></n><c r=75 g=41 b=0>可获得</c><c r=204 g=96 b=0>100</c><c r=75 g=41 b=0>血钻</c>,9,0,3000,102210,20139,0,138,0
20139,招募佣兵4000次,0,0,1001,<c r=75 g=41 b=0>累积招募佣兵<c r=204 g=96 b=0>4000</c>次</c><n></n><c r=75 g=41 b=0>可获得</c><c r=204 g=96 b=0>110</c><c r=75 g=41 b=0>血钻</c>,9,0,4000,102211,20140,0,139,0
20140,招募佣兵5000次,0,0,1001,<c r=75 g=41 b=0>累积招募佣兵<c r=204 g=96 b=0>5000</c>次</c><n></n><c r=75 g=41 b=0>可获得</c><c r=204 g=96 b=0>120</c><c r=75 g=41 b=0>血钻</c>,9,0,5000,102212,0,0,140,0
20181,好友收礼50次,0,0,1001,<c r=75 g=41 b=0>累积收到<c r=204 g=96 b=0>50</c>份好友礼物</c><n></n><c r=75 g=41 b=0>可获得</c><c r=204 g=96 b=0>30</c><c r=75 g=41 b=0>血钻</c>,7,7,50,102203,20182,1,181,0
20182,好友收礼100次,0,0,1001,<c r=75 g=41 b=0>累积收到<c r=204 g=96 b=0>100</c>份好友礼物</c><n></n><c r=75 g=41 b=0>可获得</c><c r=204 g=96 b=0>40</c><c r=75 g=41 b=0>血钻</c>,7,7,100,102204,20183,0,182,0
20183,好友收礼150次,0,0,1001,<c r=75 g=41 b=0>累积收到<c r=204 g=96 b=0>150</c>份好友礼物</c><n></n><c r=75 g=41 b=0>可获得</c><c r=204 g=96 b=0>50</c><c r=75 g=41 b=0>血钻</c>,7,7,150,102205,20184,0,183,0
20184,好友收礼200次,0,0,1001,<c r=75 g=41 b=0>累积收到<c r=204 g=96 b=0>200</c>份好友礼物</c><n></n><c r=75 g=41 b=0>可获得</c><c r=204 g=96 b=0>60</c><c r=75 g=41 b=0>血钻</c>,7,7,200,102206,20185,0,184,0
20185,好友收礼250次,0,0,1001,<c r=75 g=41 b=0>累积收到<c r=204 g=96 b=0>250</c>份好友礼物</c><n></n><c r=75 g=41 b=0>可获得</c><c r=204 g=96 b=0>70</c><c r=75 g=41 b=0>血钻</c>,7,7,250,102207,20186,0,185,0
20186,好友收礼300次,0,0,1001,<c r=75 g=41 b=0>累积收到<c r=204 g=96 b=0>300</c>份好友礼物</c><n></n><c r=75 g=41 b=0>可获得</c><c r=204 g=96 b=0>80</c><c r=75 g=41 b=0>血钻</c>,7,7,300,102208,20187,0,186,0
20187,好友收礼400次,0,0,1001,<c r=75 g=41 b=0>累积收到<c r=204 g=96 b=0>400</c>份好友礼物</c><n></n><c r=75 g=41 b=0>可获得</c><c r=204 g=96 b=0>90</c><c r=75 g=41 b=0>血钻</c>,7,7,400,102209,20188,0,187,0
20188,好友收礼500次,0,0,1001,<c r=75 g=41 b=0>累积收到<c r=204 g=96 b=0>500</c>份好友礼物</c><n></n><c r=75 g=41 b=0>可获得</c><c r=204 g=96 b=0>100</c><c r=75 g=41 b=0>血钻</c>,7,7,500,102210,20189,0,188,0
20189,好友收礼600次,0,0,1001,<c r=75 g=41 b=0>累积收到<c r=204 g=96 b=0>600</c>份好友礼物</c><n></n><c r=75 g=41 b=0>可获得</c><c r=204 g=96 b=0>110</c><c r=75 g=41 b=0>血钻</c>,7,7,600,102211,20190,0,189,0
20190,好友收礼700次,0,0,1001,<c r=75 g=41 b=0>累积收到<c r=204 g=96 b=0>700</c>份好友礼物</c><n></n><c r=75 g=41 b=0>可获得</c><c r=204 g=96 b=0>120</c><c r=75 g=41 b=0>血钻</c>,7,7,700,102212,0,0,190,0
20191,给好友送礼500次,0,0,1001,<c r=75 g=41 b=0>累积发送给好友<c r=204 g=96 b=0>500</c>份礼物</c><n></n><c r=75 g=41 b=0>可获得</c><c r=204 g=96 b=0>30</c><c r=75 g=41 b=0>血钻</c>,7,6,500,102203,20192,1,191,0
20192,给好友送礼1000次,0,0,1001,<c r=75 g=41 b=0>累积发送给好友<c r=204 g=96 b=0>1000</c>份礼物</c><n></n><c r=75 g=41 b=0>可获得</c><c r=204 g=96 b=0>40</c><c r=75 g=41 b=0>血钻</c>,7,6,1000,102204,20193,0,192,0
20193,给好友送礼1500次,0,0,1001,<c r=75 g=41 b=0>累积发送给好友<c r=204 g=96 b=0>1500</c>份礼物</c><n></n><c r=75 g=41 b=0>可获得</c><c r=204 g=96 b=0>50</c><c r=75 g=41 b=0>血钻</c>,7,6,1500,102205,20194,0,193,0
20194,给好友送礼2000次,0,0,1001,<c r=75 g=41 b=0>累积发送给好友<c r=204 g=96 b=0>2000</c>份礼物</c><n></n><c r=75 g=41 b=0>可获得</c><c r=204 g=96 b=0>60</c><c r=75 g=41 b=0>血钻</c>,7,6,2000,102206,20195,0,194,0
20195,给好友送礼2500次,0,0,1001,<c r=75 g=41 b=0>累积发送给好友<c r=204 g=96 b=0>2500</c>份礼物</c><n></n><c r=75 g=41 b=0>可获得</c><c r=204 g=96 b=0>70</c><c r=75 g=41 b=0>血钻</c>,7,6,2500,102207,20196,0,195,0
20196,给好友送礼3000次,0,0,1001,<c r=75 g=41 b=0>累积发送给好友<c r=204 g=96 b=0>3000</c>份礼物</c><n></n><c r=75 g=41 b=0>可获得</c><c r=204 g=96 b=0>80</c><c r=75 g=41 b=0>血钻</c>,7,6,3000,102208,20197,0,196,0
20197,给好友送礼3500次,0,0,1001,<c r=75 g=41 b=0>累积发送给好友<c r=204 g=96 b=0>3500</c>份礼物</c><n></n><c r=75 g=41 b=0>可获得</c><c r=204 g=96 b=0>90</c><c r=75 g=41 b=0>血钻</c>,7,6,3500,102209,20198,0,197,0
20198,给好友送礼4000次,0,0,1001,<c r=75 g=41 b=0>累积发送给好友<c r=204 g=96 b=0>4000</c>份礼物</c><n></n><c r=75 g=41 b=0>可获得</c><c r=204 g=96 b=0>100</c><c r=75 g=41 b=0>血钻</c>,7,6,4000,102210,20199,0,198,0
20199,给好友送礼4500次,0,0,1001,<c r=75 g=41 b=0>累积发送给好友<c r=204 g=96 b=0>4500</c>份礼物</c><n></n><c r=75 g=41 b=0>可获得</c><c r=204 g=96 b=0>110</c><c r=75 g=41 b=0>血钻</c>,7,6,4500,102211,20200,0,199,0
20200,给好友送礼5000次,0,0,1001,<c r=75 g=41 b=0>累积发送给好友<c r=204 g=96 b=0>5000</c>份礼物</c><n></n><c r=75 g=41 b=0>可获得</c><c r=204 g=96 b=0>120</c><c r=75 g=41 b=0>血钻</c>,7,6,5000,102212,0,0,200,0
20201,开启宝箱,2,0,1001,<c r=75 g=41 b=0>每日开启<c r=204 g=96 b=0>10</c>次冒险宝箱</c><n></n><c r=75 g=41 b=0>可获得</c><c r=204 g=96 b=0>10</c><c r=75 g=41 b=0>血钻</c>,7,8,10,102001,0,1,201,0
20202,加速冒险,2,0,1001,<c r=75 g=41 b=0>每日加速冒险<c r=204 g=96 b=0>1</c>次</c><n></n><c r=75 g=41 b=0>可获得</c><c r=204 g=96 b=0>10</c><c r=75 g=41 b=0>血钻</c>,7,9,1,102002,0,1,202,0
20204,好友收礼,2,0,1001,<c r=75 g=41 b=0>每日收到<c r=204 g=96 b=0>5</c>份好友礼物</c><n></n><c r=75 g=41 b=0>可获得</c><c r=204 g=96 b=0>10</c><c r=75 g=41 b=0>血钻</c>,7,7,5,102004,0,1,204,0
20205,好友送礼,2,0,1001,<c r=75 g=41 b=0>每日发送给好友<c r=204 g=96 b=0>30</c>份礼物</c><n></n><c r=75 g=41 b=0>可获得</c><c r=204 g=96 b=0>10</c><c r=75 g=41 b=0>血钻</c>,7,6,30,102005,0,1,205,0
20206,招募佣兵,2,0,1001,<c r=75 g=41 b=0>每日招募佣兵<c r=204 g=96 b=0>10</c>次</c><n></n><c r=75 g=41 b=0>可获得</c><c r=204 g=96 b=0>10</c><c r=75 g=41 b=0>血钻</c>,9,0,10,102006,0,1,206,0
20207,击杀巨魔,2,0,1001,<c r=75 g=41 b=0>每日在矿区击杀<c r=204 g=96 b=0>2</c>只魔铁巨像</c><n></n><c r=75 g=41 b=0>可获得</c><c r=204 g=96 b=0>10</c><c r=75 g=41 b=0>血钻</c>,1,5,2,102007,0,1,207,0
20208,开启宝箱,3,0,2209,<c r=75 g=41 b=0>每周开启<c r=204 g=96 b=0>50</c>次冒险宝箱</c><n></n><c r=75 g=41 b=0>可获得</c><c r=204 g=96 b=0>1</c><c r=75 g=41 b=0>糯米饭团</c>,7,8,50,102008,0,1,208,0
20209,猎杀BOSS,3,0,1023,<c r=75 g=41 b=0>每周击杀<c r=204 g=96 b=0>1</c>次黑铁魔像</c><n></n><c r=75 g=41 b=0>可获得</c><c r=204 g=96 b=0>1</c><c r=75 g=41 b=0>巨魔雕像</c>,3,1,1,102018,0,1,209,0
20210,竞技场挑战,3,0,1021,<c r=75 g=41 b=0>每周挑战<c r=204 g=96 b=0>25</c>个竞技场对手</c><n></n><c r=75 g=41 b=0>可获得</c><c r=204 g=96 b=0>150</c><c r=75 g=41 b=0>荣誉碎片</c>,4,0,25,102009,20211,1,210,0
20211,竞技场挑战,3,0,1021,<c r=75 g=41 b=0>每周挑战<c r=204 g=96 b=0>50</c>个竞技场对手</c><n></n><c r=75 g=41 b=0>可获得</c><c r=204 g=96 b=0>200</c><c r=75 g=41 b=0>荣誉碎片</c>,4,0,50,102010,20212,1,211,0
20212,竞技场挑战,3,0,1021,<c r=75 g=41 b=0>每周挑战<c r=204 g=96 b=0>100</c>个竞技场对手</c><n></n><c r=75 g=41 b=0>可获得</c><c r=204 g=96 b=0>300</c><c r=75 g=41 b=0>荣誉碎片</c>,4,0,100,102011,0,1,212,0
20213,好友收礼,3,0,1021,<c r=75 g=41 b=0>每周收到<c r=204 g=96 b=0>30</c>份好友礼物</c><n></n><c r=75 g=41 b=0>可获得</c><c r=204 g=96 b=0>100</c><c r=75 g=41 b=0>荣誉碎片</c>,7,7,30,102015,0,1,213,0
20214,好友送礼,3,0,1021,<c r=75 g=41 b=0>每周发送给好友<c r=204 g=96 b=0>200</c>份礼物</c><n></n><c r=75 g=41 b=0>可获得</c><c r=204 g=96 b=0>150</c><c r=75 g=41 b=0>荣誉碎片</c>,7,6,200,102016,0,1,214,0
20215,招募佣兵,3,0,1021,<c r=75 g=41 b=0>每周招募佣兵<c r=204 g=96 b=0>50</c>次</c><n></n><c r=75 g=41 b=0>可获得</c><c r=204 g=96 b=0>200</c><c r=75 g=41 b=0>荣誉碎片</c>,9,0,50,102017,0,1,215,0
20216,击杀巨魔,3,0,1024,<c r=75 g=41 b=0>每周在矿区击杀<c r=204 g=96 b=0>5</c>只魔铁巨像</c><n></n><c r=75 g=41 b=0>可获得</c><c r=204 g=96 b=0>1</c><c r=75 g=41 b=0>雷管</c>,1,5,5,102012,20217,1,216,0
20217,击杀巨魔,3,0,1024,<c r=75 g=41 b=0>每周在矿区击杀<c r=204 g=96 b=0>30</c>只魔铁巨像</c><n></n><c r=75 g=41 b=0>可获得</c><c r=204 g=96 b=0>2</c><c r=75 g=41 b=0>雷管</c>,1,5,30,102013,20218,1,217,0
20218,击杀巨魔,3,0,1023,<c r=75 g=41 b=0>每周在矿区击杀<c r=204 g=96 b=0>50</c>只魔铁巨像</c><n></n><c r=75 g=41 b=0>可获得</c><c r=204 g=96 b=0>1</c><c r=75 g=41 b=0>巨魔雕像</c>,1,5,50,102014,0,1,218,0
20219,每日挑战,2,0,1001,<c r=75 g=41 b=0>每日挑战<c r=204 g=96 b=0>3</c>次封神之阶</c><n></n><c r=75 g=41 b=0>可获得</c><c r=204 g=96 b=0>10</c><c r=75 g=41 b=0>血钻</c>,7,14,3,102309,0,1,219,0
20220,听说你会用秘籍？,2,0,1021,<c r=75 g=41 b=0>每日使用<c r=204 g=96 b=0>1</c>次加钱秘籍</c><n></n><c r=75 g=41 b=0>可获得</c><c r=204 g=96 b=0>30</c><c r=75 g=41 b=1>荣誉碎片</c>,7,18,1,102310,0,1,220,0
32345,曾经我也是一名冒险家,0,0,1021,<c r=75 g=41 b=0>首次通过冒险模式第<c r=204 g=96 b=0>5</c>关</c><n></n><c r=75 g=41 b=0>可获得蓝色佣兵包</c><c r=204 g=96 b=0>1</c><c r=75 g=41 b=2>个</c>,15,5,1,1234679,32346,1,221,0
32346,曾经我也是一名冒险家,0,0,1021,<c r=75 g=41 b=0>首次通过冒险模式第<c r=204 g=96 b=0>10</c>关</c><n></n><c r=75 g=41 b=0>可获得迷你经验书</c><c r=204 g=96 b=0>5</c><c r=75 g=41 b=2>个</c>,15,10,1,1234680,32347,0,222,0
32347,曾经我也是一名冒险家,0,0,1021,<c r=75 g=41 b=0>首次通过冒险模式第<c r=204 g=96 b=0>15</c>关</c><n></n><c r=75 g=41 b=0>可获得铜矿</c><c r=204 g=96 b=0>50</c><c r=75 g=41 b=2>个</c>,15,15,1,1234681,32348,0,223,0
32348,曾经我也是一名冒险家,0,0,1021,<c r=75 g=41 b=0>首次通过冒险模式第<c r=204 g=96 b=0>20</c>关</c><n></n><c r=75 g=41 b=0>可获得巨魔雕像</c><c r=204 g=96 b=0>2</c><c r=75 g=41 b=2>个</c>,15,20,1,1234682,32349,0,224,0
32349,曾经我也是一名冒险家,0,0,1021,<c r=75 g=41 b=0>首次通过冒险模式第<c r=204 g=96 b=0>25</c>关</c><n></n><c r=75 g=41 b=0>可获得金币</c><c r=204 g=96 b=0>3000000</c><c r=75 g=41 b=2></c>,15,25,1,1234683,32350,0,225,0
32350,曾经我也是一名冒险家,0,0,1021,<c r=75 g=41 b=0>首次通过冒险模式第<c r=204 g=96 b=0>30</c>关</c><n></n><c r=75 g=41 b=0>可获得矿石包</c><c r=204 g=96 b=0>2</c><c r=75 g=41 b=2>个</c>,15,30,1,1234684,32351,0,226,0
32351,曾经我也是一名冒险家,0,0,1021,<c r=75 g=41 b=0>首次通过冒险模式第<c r=204 g=96 b=0>35</c>关</c><n></n><c r=75 g=41 b=0>可获得经验书I</c><c r=204 g=96 b=0>5</c><c r=75 g=41 b=2>个</c>,15,35,1,1234685,32352,0,227,0
32352,曾经我也是一名冒险家,0,0,1021,<c r=75 g=41 b=0>首次通过冒险模式第<c r=204 g=96 b=0>40</c>关</c><n></n><c r=75 g=41 b=0>可获得雷管</c><c r=204 g=96 b=0>20</c><c r=75 g=41 b=2>个</c>,15,40,1,1234686,32353,0,228,0
32353,曾经我也是一名冒险家,0,0,1021,<c r=75 g=41 b=0>首次通过冒险模式第<c r=204 g=96 b=0>45</c>关</c><n></n><c r=75 g=41 b=0>可获得紫色佣兵包</c><c r=204 g=96 b=0>1</c><c r=75 g=41 b=2>个</c>,15,45,1,1234687,32354,0,229,0
32354,曾经我也是一名冒险家,0,0,1021,<c r=75 g=41 b=0>首次通过冒险模式第<c r=204 g=96 b=0>50</c>关</c><n></n><c r=75 g=41 b=0>可获得巨魔雕像</c><c r=204 g=96 b=0>7</c><c r=75 g=41 b=2>个</c>,15,50,1,1234688,32355,0,230,0
32355,曾经我也是一名冒险家,0,0,1021,<c r=75 g=41 b=0>首次通过冒险模式第<c r=204 g=96 b=0>55</c>关</c><n></n><c r=75 g=41 b=0>可获得荣誉碎片</c><c r=204 g=96 b=0>600</c><c r=75 g=41 b=2>个</c>,15,55,1,1234689,32356,0,231,0
32356,曾经我也是一名冒险家,0,0,1021,<c r=75 g=41 b=0>首次通过冒险模式第<c r=204 g=96 b=0>60</c>关</c><n></n><c r=75 g=41 b=0>可获得经验书X</c><c r=204 g=96 b=0>3</c><c r=75 g=41 b=2>个</c>,15,60,1,1234690,32357,0,232,0
32357,曾经我也是一名冒险家,0,0,1021,<c r=75 g=41 b=0>首次通过冒险模式第<c r=204 g=96 b=0>65</c>关</c><n></n><c r=75 g=41 b=0>可获得金色佣兵包</c><c r=204 g=96 b=0>1</c><c r=75 g=41 b=2>个</c>,15,65,1,1234691,32358,0,233,0
32358,曾经我也是一名冒险家,0,0,1021,<c r=75 g=41 b=0>首次通过冒险模式第<c r=204 g=96 b=0>70</c>关</c><n></n><c r=75 g=41 b=0>可获得水晶袋子</c><c r=204 g=96 b=0>2</c><c r=75 g=41 b=2>个</c>,15,70,1,1234692,32359,0,234,0
32359,曾经我也是一名冒险家,0,0,1021,<c r=75 g=41 b=0>首次通过冒险模式第<c r=204 g=96 b=0>75</c>关</c><n></n><c r=75 g=41 b=0>可永久提升战斗力</c><c r=204 g=96 b=0>4000</c><c r=75 g=41 b=2>点（受主角加成）</c>,15,75,1,1234693,32360,0,235,0
32360,曾经我也是一名冒险家,0,0,1021,<c r=75 g=41 b=0>首次通过冒险模式第<c r=204 g=96 b=0>80</c>关</c><n></n><c r=75 g=41 b=0>可获得闪金佣兵包</c><c r=204 g=96 b=0>1</c><c r=75 g=41 b=2>个</c>,15,80,1,1234694,32361,0,236,0
32361,曾经我也是一名冒险家,0,0,1021,<c r=75 g=41 b=0>首次通过冒险模式第<c r=204 g=96 b=0>85</c>关</c><n></n><c r=75 g=41 b=0>可获得矿石包</c><c r=204 g=96 b=0>50</c><c r=75 g=41 b=2>个</c>,15,85,1,1234709,32362,0,237,0
32362,曾经我也是一名冒险家,0,0,1021,<c r=75 g=41 b=0>首次通过冒险模式第<c r=204 g=96 b=0>90</c>关</c><n></n><c r=75 g=41 b=0>可获得水晶袋子</c><c r=204 g=96 b=0>5</c><c r=75 g=41 b=2>个</c>,15,90,1,1234710,0,0,238,0
