事件ID,Type,NPC模型,Title,描述,饱足度消耗,消耗物品,消耗资源,消耗数量,奖励ID队列,事件需要时间,通关公告描述,最大通关通知人数
1,1,1103,命运的召唤,我想你就是传说中的勇者，为了寻找世界的未来而来到这里。试试你的身手吧。如果你无法通过考验，命运就不会选择你。,0,0,0,5001,50201;50587,7,,0
2,1,1106,被围困的村民,不远处有一个人影，她正被狼群攻击。天哪！看样子她需要帮助。,0,0,0,5002,50578;50202,16,,0
3,4,1106,贤者的指引,我叫阿曼达，贤者指引我在此等待，但我刚才差点成了猎物。谢谢你救了我。,0,0,0,0,50563;50203,18,,0
4,1,1083,史莱姆袭击,不好！一群史莱姆正冲向你，是否要一战呢？,0,0,0,5004,50204,8,,0
5,4,1106,发现矿洞,向前走就可以发现一个洞穴。阿曼达示意该过去看看。,1200,0,0,0,50205;50561,16,,0
6,3,1103,神秘的老者,矿洞尽头一个老头挡住了去路。给我一块铜矿，我就告诉你前进的路（铜矿可挖矿得到）,1200,0,101,1,50206,18,,0
7,1,1022,山林中的战斗,在丛林的小道上，你看见一群精灵正在追赶一个落单的人影，也许你该帮帮她？,1200,0,0,5007,50207,8,,0
8,0,1089,长途跋涉,继续前行，迎面是一眼望不到边的浩瀚林海。,1200,0,0,0,50200;50208,16,,0
9,0,1096,穿越林海,依旧是连绵不绝的林海，仿佛永远无法穿越，你展开地图，道标显示村子应该就在不远处。,1200,0,0,0,50200;50209,18,,0
10,1,1049,酒吧闹事,酒吧里，一群烂醉的混混把酒倒在吟游诗人的头上，并勒索金币。也许你该去阻止那些混蛋。,1200,0,0,5010,50210,15,,0
11,4,1106,冒险者公会,这样的小村庄竟然也有冒险者公会的分号，我建议你去注册，那里能招募更多的佣兵。,1200,0,0,0,50580;50211,25,,0
12,3,1047,爱心蛋包饭,一家名为【阿苏斯】的饭店挂出了2份咖喱饭只需要1000金币的招牌。似乎非常划算呢。（冒险可获得金币）,1200,0,1,1000,50585;50212,30,,0
13,1,1087,废墟史莱姆I,一群黏糊糊的怪物散发着恶臭，似乎已经包围你了。,1200,0,0,5013,50213,15,,0
14,1,1087,废墟史莱姆II,又一群剧毒史莱姆包围了你。他们身体里有许多垃圾，比如短剑，破头盔……看到这里你觉得又要战斗了。,1200,0,0,5014,50214,25,,0
15,1,1087,废墟史莱姆III,你似乎找到了通往废墟深处的入口，但又一群剧毒史莱姆挡住了去路，真是没完没了。,1200,0,0,5015,50583;50215,30,,0
16,0,1052,遇难的冒险者,你发现了一具尸体，似乎是一个装备精良的冒险者。背部有一道恐怖的伤口几乎将他劈成两半。,1200,0,0,0,50565;50216,15,,0
17,1,3108,遗迹魔物,黑暗中你似乎听到了一些诡异的声响，你借着光线向前探索，一个庞然大物出现在你面前。,1200,0,0,5017,50217,25,,0
18,2,1052,新的考验,你终于来了，我等了你3000年。只有你才能弥补我犯下的错误。,1200,1204,0,1,50218,30,,0
19,1,1076,时空乱流,时空乱流中闪出一些影魔，这是在邪恶位面中强大的怪物，它们正在围攻什么人。,1200,0,0,5019,50219,30,,0
20,1,2014,路西法,是你在召唤邪恶的存在？！看来我们难免一战！,1200,0,0,5020,50586;50220,60,,0
21,4,1166,光之使者,你战胜了堕落的天使！多么强大的存在啊，看来救赎这个位面也并非不可能。,1200,0,0,0,50221,60,,0
22,4,1008,威严的老者,谢谢你的到来，这会是一场混乱的冒险，请允许我传授你一些必备的知识。,1200,0,0,0,50222,30,,0
23,1,1114,东方古代书生,一位来自东方古老大陆上的书生走出了神殿中的传送门。,1200,0,0,5023,50223,60,,0
24,1,1162,美丽的女鬼,谁胆敢欺负我的男人！一位美丽的古装女鬼闯出传送门，你感到头都大了一圈。,1200,0,0,5024,50224,60,,0
25,0,1052,遇难的冒险者,在村空你发现了一具尸体，似乎是一个装备精良的冒险者。背部有一道恐怖的伤口几乎将他劈成两半。,1200,0,0,0,50566;50225,30,,0
26,1,3108,遗迹魔物,黑暗中你似乎听到了一些诡异的声响，你借着光线向前探索，一个庞然大物出现在你面前。,1200,0,0,5026,50574;50226,60,,0
27,4,1052,新的考验,你终于来了，我等了你3000年。只有你才能弥补我犯下的错误。,1200,0,0,0,50227,60,,0
28,1,1076,时空乱流,时空乱流中闪出一些影魔，这是在邪恶位面中强大的怪物，它们正在围攻什么人。,1200,0,0,5028,50228,30,,0
29,1,2031,魔神撒旦,是谁？胆敢召唤我！魔神撒旦穿过时空裂缝来到你的面前。,1200,0,0,5029,50229,60,第10关守卫【魔神撒旦】的,20
30,4,1166,光之使者,你战胜了魔神撒旦！多么强大的存在啊，看来救赎这个位面也并非不可能。,1200,0,0,0,50230,60,,0
31,4,1008,威严的老者,谢谢你的到来，这会是一场混乱的冒险，请允许我传授你一些必备的知识。,1200,0,0,0,50562;50231,30,,0
32,1,2003,貂蝉,一位美貌的古装女子气势汹汹地跨出神殿中的传送门。,1200,0,0,5032,50232,60,,0
33,1,2008,吕布,谁胆敢欺负我的女人，一位古代将军装束的壮汉闯出传送门，你感到头都大了一圈。,1200,0,0,5033,50233,60,,0
34,1,1085,森林魔花,寂静的森林充满着诡异的氛围，果然，刚踏入森林不就一簇食人花便悄悄地向你袭来。,1200,0,0,5034,50234,30,,0
35,4,1001,迷路的旅人,“你好，能帮帮我吗，我想我大概是迷路了。”,1200,0,0,0,50567;50235,60,,0
36,1,1090,丛林深处,丛林的道路布满荆棘，渐渐的魔物也越来越多。,1200,0,0,5036,50584;50236,60,,0
37,1,1085,不安的气息,附近的魔物开始疯狂的朝你扑来。,1200,0,0,5037,50237,30,,0
38,1,1076,恐怖的魔物,黑暗中你似乎听到了一些诡异的声音，你借着光线向前探索，一个庞大而恐怖的生物出现在眼前。,1200,0,0,5038,50238,60,,0
39,1,2017,宫本武藏,实在。。。难以理解。这是什么世界？,1200,0,0,5039,50239,60,,0
40,1,1045,魔化家畜,来到了宁静的秋瓜浮村庄，村子里空无一人，一些魔化的家畜向你扑来。,1200,0,0,5040,50240,30,,0
41,4,1004,艾丽娜,你是什么人，一位身披斗篷的女子警惕地看着你。,1200,0,0,0,50241,60,,0
42,1,2026,织田信长,啊。。啊。。。有什么力量在控制着我！,1200,0,0,5042,50242,60,,0
43,1,1061,不安的宁静,四处游荡，村子里空无一人，毫无生机，只有无穷无尽的魔物。,1200,0,0,5043,50568;50243,60,,0
44,1,1057,魔化的小孩,探身闪入一间屋子，仍然没有发现任何一个人。屋子中一个黑影像你扑来。,1200,0,0,5044,50244,180,,0
45,1,1062,吉祥三宝,你继续探查，小心翼翼地进入下一个屋子，屋子出现了三个魔化人类。,1200,0,0,5045,50245,300,第15关守卫【吉祥三宝】的,20
46,1,1059,魔化危机,无凶无尽的魔化人类来袭，甚至出现了魔化了的人类！！,1200,0,0,5046,50246,60,,0
47,1,1059,魔化危机II,强度和数量都比以前遇到的不同。,1200,0,0,5047,50247,180,,0
48,1,3108,庞然大物,一个巨大的黑影向你扑来。,1200,0,0,5048,50248,300,,0
49,3,1090,幸存者,你能给我们一些食物吗吗？,1200,0,200,1,50249,60,,0
50,4,1103,神秘的老者,善良的冒险者，收下吧，也许会对你有些帮助。,1200,0,0,0,50575;50250,180,,0
51,1,1076,石像鬼,庄园深的地面微微震动，石像渐渐苏醒，一石像鬼出现在庄园里。,1200,0,0,5051,50251,300,,0
52,1,1076,守卫,其余的石像鬼也苏醒过来，看来麻烦还没有结局。,1200,0,0,5052,50569;50252,60,,0
53,1,1051,召唤师,一队红袍的召唤师出现在你的面前，看来是他们召唤的石像鬼。,1200,0,0,5053,50253,180,,0
54,1,1127,持盾卫士,“你不能通过这里”一位持盾卫士挡在你的面前。,1200,0,0,5054,50254,300,,0
55,4,1063,憔悴的老者,你终于来了，我等了你3000年。,1200,0,0,0,50255,60,,0
56,4,1063,罗杰斯,我年轻时也是个冒险家，受众神召唤来到这个位面。神舍弃了我，现在我要以自己的方式存在！,1200,0,0,0,50256,180,,0
57,1,1063,命运之战,很好，那些胆小的神明终于有所动作了，那么抱歉了，你必须死在此地！,1200,0,0,5057,50257,300,,0
58,1,1085,弱小的魔物,南部林区的魔物非常弱小。,1200,0,0,5058,1234595,60,,0
59,0,1075,诡异的尸体,路边的突兀地出现几具尸体。,1200,0,0,0,50259,600,,0
60,1,1076,影魔,继续前行，你发现了一个隐蔽的路标。,1200,0,0,5060,50260,600,第20关守卫【影魔】的,20
61,1,1085,魔花世界,大量的食人花不满了遗迹，看来不清理掉就寸步难行了。,1200,0,0,5061,50261,60,,0
62,1,1085,园丁,还有许多食人花，你开始怀疑是不是不要惹他们才好。,1200,0,0,5062,50570;50262,600,,0
63,1,1081,异界魔物,最后一些食人花，希望就在眼前，你感到充满了干劲。,1200,0,0,5063,50263,600,,0
64,0,1103,古老的壁画,遗迹中 有一些笔画，记录着一个用着击败各种魔物的场景，在靠后一幅壁画中勇者仿佛陷入了危机。之后的墙壁是空白的墙面，引人深思。,1200,0,0,0,50264,60,,0
65,1,1083,变异史莱姆,一些变异的史莱姆将你包围，这强度让你惊呼“这不科学！”,1200,0,0,5065,50265,600,,0
66,1,1086,幼龙,变异的不仅仅是史莱姆，也许神庙中隐藏着什么秘密。,1200,0,0,5066,50266,600,,0
67,4,1082,沉睡的绿龙,龙穴中有一条沉睡的绿龙，散发着翠绿色的光芒。,1200,0,0,0,50267,60,,0
68,1,3106,翡翠绿龙,忽然，整个神庙开始剧烈的颤抖。绿龙从沉睡中苏醒过来，它似乎对你的到来似乎非常不满。,1200,0,0,5068,50576;50577;50268,1800,,0
69,0,1082,神庙逃亡,神庙底部的墙壁上有个巨大的破洞。似乎可以直接离开。,1200,0,0,0,50269,1800,,0
70,1,1084,中部的怪物,黑衣森林深处也就是中部，怪物仿佛常年受到绿龙光线的滋养变得异常强大。,1200,0,0,5070,50571;50270,60,,0
71,1,1042,喵星人,似乎有些诡异，一只喵星人出现在你的面前，但你已经见怪不怪。,1200,0,0,5071,50271,1800,,0
72,1,1087,变异史莱姆,小插曲之后，又是无尽的怪物，但是的你心情还是比较放松的，只要不是魔人，就像割草一样轻松。,1200,0,0,5072,50272,1800,,0
73,1,1090,眼魔怪,一只眼魔出现在前方，应该是某些强大魔物的哨兵。为了避免麻烦，必须速战速决。,1200,0,0,5073,50273,60,,0
74,1,1088,魅魔,宽阔的驿道应该是供大型商队所用。驿道上悄无声息地出现了一只魅魔。,1200,0,0,5074,50274,1800,,0
75,1,1090,异界魔物,驿道远方出现一个商队的露营地。你决定前往拜访。,1200,0,0,5075,50275,1800,,0
76,0,1091,营地废墟,一个大型商队露营地的废墟出现在你的面前。营地中装备精良的护卫尸横遍野，这究竟是怎么回事？,1200,0,0,0,50276,60,,0
77,0,1092,意外收获,有一个坚固的箱子被藏在一个不显眼的地方。,1200,0,0,0,50277,1800,,0
78,1,1054,蒙面人,你感受到力量的波动，一个强大的神秘的蒙面人影藏在暗处。,1200,0,0,5078,50278,1800,,0
79,1,1058,魔人再现,一个黑影向你扑来。魔人再现！！,1200,0,0,5079,50279,60,,0
80,1,1069,魔化铁匠,一个魔化的铁匠出现在你的面前。这氛围显得相当诡异。,1200,0,0,5080,50280,1800,,0
81,0,1074,石场水车,远处出现一个水车的轮廓，看起来应该是个村庄。,1200,0,0,0,50281,1800,,0
82,1,1062,强力魔人,低径村庄中的魔人纷纷袭来。,1200,0,0,5082,50282,60,,0
83,1,1054,蒙面人再现,“看起来你还挺警觉的嘛”强大的蒙面人再次出现。你感到头皮发麻。,1200,0,0,5083,50283,1800,,0
84,1,1054,以太狩猎团,呵呵，能够成为以太狩猎团的猎物是你的荣幸。,1200,0,0,5084,50284,1800,,0
85,1,1092,水元素,你的到来让沼泽边上的水元素显得狂躁不安。,1200,0,0,5085,50285,60,,0
86,4,1103,神秘老人,我等你很久了，冒险者，跟我来吧”,1200,0,0,0,50286,1800,,0
87,1,1094,穴居恶魔,一只恶魔向你扑了过来，你似乎进入了某个强大存在的警戒范围。,1200,0,0,5087,50287,1800,,0
88,0,1096,洞穴秘宝,洞穴中你发现了金色的光芒，顺着光芒走去，你发现了一个大型的宝藏。,1200,0,0,0,50288,60,,0
89,1,1096,魔化巨蛛,洞穴深处你发现了一直巨大的蜘蛛，它正在对你虎视眈眈。,1200,0,0,5089,50289,1800,第30关守卫【魔化巨蛛】的,20
90,1,1081,别有洞天,边清理蛛网边向前探索，洞穴的深处的光线忽然变亮了起来，前方似乎别有洞天。,1200,0,0,5090,50290;1234655,1800,,0
91,1,1054,噩梦缠身,“你好，冒险者，我们又见面了。”蒙面人再次出现。,1200,0,0,5091,50291,60,,0
92,1,1084,神秘的组织,“我欣赏你努力挣扎的表现。或许组织对你的危险等级评价需要再提高2个等级。B+？或许是A级？”,1200,0,0,5092,50292,1800,,0
93,1,1085,高径悬崖,暂时摆脱后，你穿过高径最后一段路。,1200,0,0,5093,50293,1800,,0
94,1,2024,以太狩猎团,“从来没有猎物能从以太狩猎团的手中逃脱。”另一个更加强大的神秘人出现了！,1200,0,0,5094,50294,60,,0
95,1,1088,身陷重围,以太狩猎团包围了你。背水一战。,1200,0,0,5095,50295,1800,,0
96,0,1089,高径瀑布,森林深处的悬崖边，你被以太狩猎团逼到绝境，到底该怎么办呢？怎么办呢？,1200,0,0,0,50296,1800,,0
97,4,1166,神仆,我是命运与轮回之神的神仆，我等你很久了。看来你相当虚弱。,1200,0,0,0,50297,60,,0
98,4,1166,无法逆转,以太狩猎团已经强大到我们无法阻止了，我们必须回到一切的原点，这样，才能阻止世界的毁灭。,1200,0,0,0,50298,1800,,0
99,4,1166,传送法阵,他们来了，时间不多了，记住收集齐所有的宿命神器才能拯救这个世界。,1200,0,0,0,50299,1800,,0
100,1,1092,苏醒的元素,传送法阵似乎并没有成功，你被抛到了时空的乱流，乱流中的生物被惊动，纷纷聚集过来。,1200,0,0,5100,50300,60,,0
101,1,1077,狂暴的元素,四周的空间开始变得极度的不稳定，一群狂暴的元素向你扑来。,1200,0,0,5101,50301,1800,,0
102,1,1093,时空裂缝,在危险的时空乱流中摸索着前行，你发现了离开时空乱流的裂缝。,1200,0,0,5102,50302,1800,,0
103,1,1094,虚空魔物,虚空中的魔物纷纷聚拢过来，仿佛看见了鲜美的食物。,1200,0,0,5103,50303,60,,0
104,0,1074,虚空遗骸,你发现了一句虚空巨兽的遗骸。,1200,0,0,0,50304,1800,,0
105,1,1094,虚空荒原,又一群虚空魔物袭来，远处发现了一片开阔地。,1200,0,0,5105,50305,1800,,0
106,0,1076,危险荒原,一望无际的荒原上游荡着更强大的魔物。,1200,0,0,0,50306,60,,0
107,4,1052,虚空行者,哈哈，虚空旅行是非常危险的，像你这样的新手要特别小心。”一位路过的虚空行者向你打招呼,1200,0,1,100000,50307,1800,,0
108,1,1079,虚空村庄,继续前行，远处出现了一个模糊的轮廓，危险的魔物埋伏在四周。,1200,0,0,5108,50308,1800,,0
109,0,1095,冷漠的村民,“新来者，呵呵，几百年没有遇到新来者了。”,1200,0,0,0,50309,60,,0
110,1,1072,酒吧斗殴,“新来的，赶紧交保护费”一群凶恶的喽喽将你围了起来。,1200,0,0,5110,50310,1800,,0
111,4,1154,神秘的女子,新来的，如果你能穿过虚空平原到达虚空之城，也许就能找到离开扭曲虚空的方法。”,1200,0,0,0,50311,1800,,0
112,1,1081,虚空魔花,平原中的虚空植物竟然开始蠕动起来，将你包围。,1200,0,0,5112,50312,60,,0
113,1,1081,无尽的食人花,平原一阵骚动，更多的食人花聚集过来。你感到这样的场景似曾相识。,1200,0,0,5113,50313,1800,,0
114,0,1083,虚空王城,加快步伐穿过了整个平原，你看见远处出现了巍峨胸围的城堡轮廓。,1200,0,0,0,50314,1800,,0
115,1,1084,虚空盗贼,“新来者，弱肉强食，别怪我”,1200,0,0,5115,50315,60,,0
116,4,1127,通用手势,“你们不能通过这里，除非...”守卫队长摆出了一个人类通用的手势。,1200,0,1,10000000,50316,1800,,0
117,1,1127,过河拆桥,悟性不错啊，新来的冒险者。可惜你还是太年轻了。,1200,0,0,5117,50317,1800,,0
118,1,1056,嚣张的守卫,“不想死的就闪开点！”守卫似乎注意到你的财务“这些人是可疑人物，格杀勿论！”,1200,0,0,5118,50318,60,第40关守卫【嚣张的守卫】的,20
119,0,1088,生存法则,"一队重装骑兵匆匆赶来，为首一位年长的军官发现了你。""新来者，你知道这个世道的生存法则吗？""说着做出了一个熟悉的手势。",1200,0,0,0,50319,1800,,0
120,1,1089,地下城同盟,“救命！谁来帮帮我。”一堆乘火打劫的喽喽围住了一位女子。,1200,0,0,5120,50320,1800,,0
121,1,1017,前哨战,地下城同盟的哨兵发现了你，机警的哨兵瞬间扑了上来。,1200,0,0,5121,50321,60,,0
122,4,2026,佩恩,欢迎来到地下城同盟，我是首领佩恩。我们的时间已经不多了。,1200,0,0,0,50322,1800,,0
123,1,2026,通往禁区的地图,位面的力量正在衰败，我们必须点燃时空之炬回到主位面。这份地图可以指引你通过禁区取回火种。,1200,0,0,5123,50323,1800,,0
124,1,1092,能量风暴,虚空禁区中充满着肆虐的能量风暴，狂暴的怪物向你聚拢古来。,1200,0,0,5124,50324,60,,0
125,1,3101,虚空星兽,天空中传来一声低沉的咆哮，一直巨大的怪物正一步一步向你走来。你感到危险的气息。,1200,0,0,5125,50325,1800,,0
126,0,1076,穿过禁区,巨大恶魔消失不久，禁区中的魔物再次疯狂起来。你决定赶紧离开。,1200,0,0,0,50326,1800,,0
127,1,1079,遗迹守卫,接近遗迹，地面微微震动起来，建筑中的灯光忽然打开，一队遗迹守卫向你扑来。,1200,0,0,5127,50327,60,,0
128,1,1076,遗迹宝藏,继续接近遗迹，地面上插着一把黝黑的武器，四周升起几个影魔石像物体，似乎开始复活。,1200,0,0,5128,50328,1800,,0
129,0,1077,遗迹核心,越过球形守卫，建筑的大门自行升起。,1200,0,0,0,50329,1800,,0
130,1,3006,上古兵器,核心的内壁布满大块的透明宝石，中央伫立着一个上古金属的巨像，随着你的靠近，巨像渐渐地活动起来。,1200,0,0,5130,50330,60,,0
131,3,1001,矿物燃料,核心底部有一根透明的柱子，周围朴素的墙壁上有许多凹槽，仔细查看之下像是一些矿石的外形。,1200,0,105,10,50331,1800,,0
132,0,1095,前往王城,遗迹的能量不能维持很久，你匆匆的探查一番，便起身离开。,1200,0,0,0,50332,1800,,0
133,1,1056,风暴前夕,王城中处于一片寂静，仿佛是暴风的前夕，一队守卫拦住了你的去处。,1200,0,0,5133,50333,60,第45关守卫【风暴前夕】的,20
134,1,1056,陷入混乱,一支军队开始行动，你被他们的守卫拦住了。,1200,0,0,5134,50334,1800,,0
135,0,1061,虚空教堂,查阅地图后你发现了上层深处的目的地。,1200,0,0,0,50335,1800,,0
136,1,1023,教堂守卫,一队装备精良的教堂守卫拦在你的面前，他们眼神中流露出狂热的红色。,1200,0,0,5136,50336,60,,0
137,4,1004,布里坦纳,从远方来的冒险者，你听说过上古邪神的传说吗？,1200,0,0,0,50337,1800,,0
138,1,2035,难免一战,"""算了，事到如今说什么都晚了！""",1200,0,0,5138,50338,1800,,0
139,1,1083,时空冤魂,时空之炬周围布满了冤魂，看来这个装置还真是不靠谱！,1200,0,0,5139,50339,60,,0
140,1,3004,时空之神,"""又见面了，冒险者，让我看看这次你有没有突破力量的界限！""",1200,0,0,5140,50340,1800,,0
141,1,1084,再次穿越,火种从你的背包中飞出，慢慢靠近时空之炬。,1200,0,0,5141,50341,1800,,0
142,1,1085,时空乱象,不稳定的时空隧道中出现了一些老朋友。,1200,0,0,5142,50342,60,,0
143,1,1054,终极追杀,"""你果然没有让我失望！""以太狩猎团的杀手忽然出现。",1200,0,0,5143,50343,1800,,0
144,0,1088,希望之穿越,一阵扭曲的能量扑向你，你赶紧闭上眼睛，你开始感受到力量运行的规则。,1200,0,0,0,50344,1800,,0
145,4,1089,神秘的老者,虽然你活着回来了，但你离力量的边界还差的太远了，时间已经不多了。你只能继续前行。,1200,0,0,0,50345,60,,0
146,1,1090,以太魔物,一群以太魔物围了过来，普通的魔物都变得难以应付。,1200,0,0,5146,50346,1800,,0
147,1,1091,重回初始之地,在陌生的丛林中前行，你渐渐感知出了方向。,1200,0,0,5147,50347,1800,,0
148,1,1092,污染的魔物,被以太潮污染的森林变得更加阴森，魔物也变得更加凶恨。,1200,0,0,5148,50348,60,,0
149,1,1072,污染的魔人,“杀！杀！杀！”丛林中窜出一个强大的魔人。,1200,0,0,5149,50349,1800,第50关守卫【污染的魔人】的,20
150,0,1094,回归,经过一路长途跋涉，你来到了记忆中沃兰村的方位。,1200,0,0,0,50350,1800,,0
151,0,1074,遗址,曾经的兰沃村衰败不堪，只留下一片废墟，仿佛从来没有存在过一样。,1200,0,0,0,50351,60,,0
152,1,1075,怨灵,“你怎么还不回来！”一个强大的怨灵出现在遗址中。,1200,0,0,5152,50352,1800,,0
153,1,1103,新的使命,“你终于回来了”村长康恩的容貌浮现了出来“你不在的100年间以太狩猎团已经开始破坏位面的稳定。”,1200,0,0,5153,50353,1800,,0
154,1,1089,以太蝙蝠,离开兰沃村遗址，你开始穿行在以太荒漠中，以太魔物如影随性。,1200,0,0,5154,50354,60,,0
155,1,1047,荒原苦战,继续前行，一群以太饿狼将你包围。,1200,0,0,5155,50355,1800,,0
156,1,1095,逃离荒原,天色渐渐暗了下来，你发现一块路标，一边指向荒原深处，另一边指向相反方向。,1200,0,0,5156,50356,1800,,0
157,1,1077,火元素,沙漠中一群火元素感受到你的存在。他们似乎对你的力量相当饥渴。,1200,0,0,5157,50357,60,,0
158,1,1161,火焰领主,“让你成为我力量的一部分吧。”火焰领主降临在你的面前。,1200,0,0,5158,50358,1800,,0
159,0,1081,无尽的沙漠,穿行在一望无际的沙漠中，你感到一丝疲惫。,1200,0,0,0,50359,1800,,0
160,0,1007,同路,沙漠开始变得更加炽热，你发现了一些白骨。,1200,0,0,0,50360,60,,0
161,1,1049,沙漠劫匪,一群凶恶的匪徒将你包围，来着不善。,1200,0,0,5161,50361,1800,,0
162,0,1084,山脉,无止尽的行走耗尽了你的耐心，不知何时起远处的单调的风景产生了变化。连绵的火红色山脉印入你的眼帘。,1200,0,0,0,50362,1800,,0
163,1,1085,绿洲食人花,沙漠中出现了绿洲，绿洲中的植物似乎也很不好惹。,1200,0,0,5163,50363,60,,0
164,1,1076,远古守卫,山脉中的道路并不宽敞，断壁残垣中出现了大量的石像守卫。,1200,0,0,5164,50364,1800,,0
165,1,1088,通往秘境,在山脉深处你发现了一处能量激流，似乎是一个传送门。,1200,0,0,5165,50365,1800,,0
166,0,1006,思考,看起来之前的断壁残垣是以太教徒曾经的神殿，而这个传送门便是紧急出口。,1200,0,0,0,50366,60,,0
167,1,1127,以太危机,一群以太士兵趁你思考时将你围住，他们训练有素配合默契，看起来相当棘手。,1200,0,0,5167,50367,1800,,0
168,1,1019,天才少年凯,一位相貌英俊，眼神犀利自称是凯的少年出现在你的面前，似乎对你之前的实力有所怀疑。,1200,0,0,5168,50368,1800,,0
169,1,1047,以太座狼,以太平原与第六纪元中的魔物外形上并无区别，只是实力强大到不可估量的程度。眼前出现了一群以太座狼。,1200,0,0,5169,50369,60,,0
170,1,1047,以太狼群,以太潮似乎没有影响座狼群居的习惯，一群以太座狼将你团团围住。,1200,0,0,5170,50370,1800,,0
171,0,3104,神之秘境,平原的尽头是一个庞大的巨石建筑群，你加快脚步前进。,1200,0,0,0,50371,1800,,0
172,1,1094,残暴神仆,一群变异的神仆出现在你的面去，他们似乎失去了理智。,1200,0,0,5172,50372,60,,0
173,1,1167,神官,残暴的神仆忽然匍匐在地上，强大的气息席卷了整个空间，一名战斗神官瞬移到你的面前，长剑缓缓举起。,1200,0,0,5173,50373,1800,,0
174,1,1075,众神神殿,位面空间中出现巨大的能量波动，看起来有什么重大的事情将要发生，,1200,0,0,5174,50374,1800,,0
175,4,2013,力量界限,以太潮影响的邪恶冒险者已经摧毁了位面能量的平衡，他们已经突破了位面承载力量的极限。,1200,0,0,0,50375,60,,0
176,4,2013,弑神者,众神纷纷陨落。弑神者将统治整个位面。也许只有你能阻止这一切，但现在的你还是太嫩了。,1200,0,0,0,50376,1800,,0
177,1,2013,大天使,战胜我，我会送你去以太位面，在哪里，你将继续寻找答案。,1200,0,0,5177,50377,1800,,0
178,4,3105,以太军队,欢迎，远道而来的冒险者，我上古邪神塞恩将夺取你的灵魂。,1200,0,0,0,50378,60,,
179,1,3105,塞恩,你借着光线向前探索，一个庞大而恐怖的生物出现在眼前。,1200,0,0,5179,50379,1800,第60关守卫【塞恩】的,20
180,0,3101,时空漩涡,忽然，天空出现一道裂痕，一股强大的力量把你牵引进去。,1200,0,0,0,50380,1800,,0
181,1,1088,混沌纪元,黑暗中你似乎看到了一丝微弱的光线，你借着光线向前探索，一群丑陋而强悍的生物出现在眼前。,1800,0,0,5181,50381,60,,0
182,1,1089,迷雾重重,更多的怪物被惊醒，纷纷想你袭来。,1800,0,0,5182,50382,1800,,0
183,4,1063,神秘老者,从远方来的冒险者，你听说过宿命轮回的传说吗？说完留下一张地图便消失了。,1800,0,0,0,50383,1800,,0
184,1,1092,混沌的元素,你继续前行，光线渐强，大陆的轮廓清晰起来，苏醒的的混沌元素出现在眼前。,1800,0,0,5184,50384,60,,0
185,1,3105,混沌领主,伴随一阵咆哮，强悍的混沌领主降临了。,1800,0,0,5185,50385,1800,,0
186,0,1061,前往初始位面,虽然你活了下来，但你越发感觉自己离力量的边界还差的太远了。你只能继续前行。,1800,0,0,0,50386,1800,,0
187,1,2229,神之考验,你会被我撕碎。给天上那帮家伙们一个惊喜。哈哈哈。,1800,0,0,5187,50387,60,,0
188,3,1166,众神指引,众神指引我在此等你，冒险者，你需要更加强大，继续前进。,1800,0,3,1500,50388,1800,,0
189,0,1061,新的征途,天使的信息方便你领悟这个位面力量运行的规则。,1800,0,0,0,50389,1800,,0
190,1,1076,万物初始,远处的平原被苍蓝色的光芒覆盖，强大的魔物四处徘徊。忽然他们像发现猎物一样向你扑来。,1800,0,0,5190,50390,60,,0
191,1,2242,初始凶兽,你感到地面微微震动，震动逐渐加强，一只三头初始凶兽向你飞奔而来。,1800,0,0,5191,50391,1800,,0
192,0,1090,苍蓝之镜,一番激战之后你来到一个浩瀚的湖泊边上，湖中蕴藏着巨大的能量，,1800,0,0,0,50392,1800,,0
193,1,1169,碧蓝幼龙,忽然，强烈的危机感袭来，你似乎闯入了某些强悍生物的领地。,1800,0,0,5193,50393,60,,0
194,1,1169,碧蓝龙群,重新休整之后，更多的碧蓝幼龙再次向袭来。,1800,0,0,5194,50394,1800,第65关守卫【碧蓝龙群】的,20
195,0,1093,秘密小径,匆忙中你翻看地图，地图上标明了湖边有条密道。,1800,0,0,0,50395,1800,,0
196,0,1094,苍蓝之力,经过一番思索，你领悟到苍蓝之镜中蕴含这苍蓝之力。,1800,0,0,0,50396,60,,0
197,1,2240,圣龙纳多,然而不知不觉中，你闯入了圣龙的巢穴。,1800,0,0,5197,50397,1800,,0
198,0,1075,冰雪长廊,圣龙吃痛离开了，你发现了巢穴深处的长廊。,1800,0,0,0,50398,1800,,0
199,1,2242,神殿守卫,冰雪长廊中布满了冰雪守卫。他们似乎对你充满敌意。,1800,0,0,5199,50399,60,,0
200,1,1167,奥黛雷赫,我等你很久了，冒险者，让我试试你的成长速度，别让我失望哦。,1800,0,0,5200,50400,1800,,0
201,3,2013,前往神殿,给我一些金币，我会为你开启冰雪神殿的大门！,1800,0,1,90000000,50401,1800,,0
202,4,1095,冰雪女神,你在上个纪元的成长的速度实在是太慢了，我对你感到非常的失望。,1800,0,0,0,50402,60,,0
203,1,2229,女神之怒,恩？你似乎已经领悟到力量本源的规则？让我试试你现在的实力吧。,1800,0,0,5203,50403,1800,,0
204,0,1047,神殿密道,冰雪女神在位面的投影消失了，你发现只留下一尊神像。,1800,0,0,0,50404,1800,,0
205,1,2014,救世之路,声音浮现，你必须阻止这个位面的……前方出现了恶魔的身影。,1800,0,0,5205,50405,60,,0
206,1,2242,神殿近卫,一队神殿近卫冲了过来，竟已经被恶魔蛊惑。,1800,0,0,5206,50406,1800,,0
207,0,1084,洪荒海岸,杀出重围，你来到了一片滩涂，加速通过，确不像湖泊哪有有边际。,1800,0,0,0,50407,1800,,0
208,1,1094,始祖鱼人,海岸上遍布凶恶的始祖鱼人，凶残的鱼人成群结队地向你扑来。,1800,0,0,5208,50408,60,,0
209,1,1094,鱼人祭司,源源不绝的鱼人让开了一条道路，一位强大的鱼人祭司向你走来。,1800,0,0,5209,50409,1800,第70关守卫【鱼人祭司】的,20
210,4,1094,洪荒之海, ,1800,0,0,0,50410,1800,,0
211,4,3104,深海之怒,卑微的入侵者，竟敢伤害我的子民。我会让你在痛苦中受到折磨。,1800,0,0,0,50411,60,,0
212,1,3104,海神利威亚桑,一条巨大的水龙从洪荒之海中飞出，澎湃的力量让你几乎无法站稳。一场恶斗随即展开。,1800,0,0,5212,50412,1800,,0
213,0,1088,洪荒码头,继续前行，一座魔导符文科技打造的上古码头出现在你的视线中。,1800,0,0,0,50413,1800,,0
214,4,1089,沧海一粟,码头工似乎预料到你的到来。,1800,0,0,0,50414,60,,0
215,1,2032,趁火打劫,一队霸道的水手来到码头，似乎看中了你的钱财。,1800,0,0,5215,50415,1800,,0
216,4,1127,上船出发,你们等着，我的兄弟会好好教训你。水手四散逃窜，只丢下一句狠话。,1800,0,0,0,50416,1800,,0
217,1,2035,准入系统,你刚登上魔导巨船，警笛响起，魔导守卫纷纷进入战斗姿态。,1800,0,0,5217,50417,60,,0
218,1,2242,难缠的守卫,守卫受到特殊能量的加持，变得非常难缠。,1800,0,0,5218,50418,1800,,0
219,1,2242,前往甲板,源源不断的守卫受到特殊能量的加持，变得越来越非常难缠。,1800,0,0,5219,50419,1800,,0
220,1,2012,彪悍的厨师,甲板上，一位金发厨师瞅着你。,1800,0,0,5220,50420,60,,0
221,1,1174,海藻头剑士,甲板上，一位剑士拦住你的去路。,1800,0,0,5221,50421,1800,,0
222,0,1075,准入通过,广播忽然响起：“恭喜你通过实力准入系统，你通过了考验，欢饮来到诺亚号方舟。”,1800,0,0,0,50422,1800,,0
223,0,1076,船长的邀请,广播继续“请来船长室，船长有请。”,1800,0,0,0,50423,60,,0
224,1,2206,杰克船长,小心了小伙子！黑暗中有人发出偷袭。,1800,0,0,5224,50424,1800,第75关守卫【杰克船长】的,20
225,4,2032,扬帆起航,我等你很久了，只有你手中的地图才能指引我们走上正确的航线。现在，全体注意，杨帆起航。,1800,0,0,0,50425,1800,,0
226,0,2032,魔能导航,地图卷入一个奇怪的铁盒子，魔导符文若隐若现，魔能导航开启导航。,1800,0,0,0,50426,60,,0
227,1,1084,魔能守卫,前方进入无尽之海，预防魔物袭击。,1800,0,0,5227,50427,1800,,0
228,0,1166,遭遇激流,激流警报！请抓紧扶手。,1800,0,0,0,50428,1800,,0
229,1,1087,魔物入侵,伴随着激流大群魔物登上了甲板。,1800,0,0,5229,50429,60,,0
230,1,3102,始祖魔物,一只巨大的魔物盯上了你，你感到一丝危险的气息。,1800,0,0,5230,50430,1800,,0
231,1,1088,无尽魔物,干掉始祖魔物似乎并不能阻止其他魔物。,1800,0,0,5231,50431,1800,,0
232,3,2032,前途未卜,跟随这导航和激流，方舟驶入了一个巨大的漩涡。快去寻找2块泰坦铁加固船体，就快来不及了！,1800,0,107,12,50432,60,,0
233,1,1090,魔王,光线渐暗，天空泛起异样的红色，一只巨大的魔王破空降临在甲班。,1800,0,0,5233,50433,1800,,0
234,0,1081,神启航线,导航的广播响起，恭喜你成功进入神启航线。,1800,0,0,0,50434,1800,,0
235,0,1083,航路魔物,成功进入神启航线。杰克船长和全体成员非常兴奋。,1800,0,0,0,50435,60,,0
236,1,1169,水龙幼龙,可是不久后这份喜悦就被冲淡了，航线中的魔物似乎更加难缠。,1800,0,0,5236,50436,1800,,0
237,4,1085,迷雾之海,迷雾四起，船员们陷入一阵慌乱。,1800,0,0,0,50437,1800,,0
238,1,1074,迷之魔物,迷雾中，魔物的身影浮现出来，你们遭遇到了迷之魔物。,1800,0,0,5238,50438,60,,0
239,1,1054,迷之首领,迷雾越来越浓，一个庞大的身影向你袭来。你遭遇到迷之首领。,1800,0,0,5239,50439,1800,第80关守卫【迷之首领】的,20
240,0,1088,孤岛危机,迷雾中出现了一个岛屿，船长决定靠岸补给。,1800,0,0,0,50440,1800,,0
241,3,1089,补给站,在这座上古遗迹中居然有个补给站，你只需要支付一点点金币，一点点……,9000,0,1,236750000,50441,180,,0
242,1,1056,禁止通过,遗迹中的守卫似乎已经无法识别敌我。,9000,0,0,5242,50442,5400,,0
243,3,1003,禁区,在收取了一笔可观的小费后，船员告诉你守卫的权限发生过篡改。,9000,0,104,850,50443,5400,,0
244,3,1056,天龙人保镖,“你们不能通过这里”，一群更强的守卫拦住了你们的去路。带头的并向你索要黄金。,9000,0,105,600,50444,180,,0
245,1,1056,海扁,冷不丁，带头的守卫向你挥拳。,9000,0,0,5245,50445;1234639,5400,,0
246,0,1094,急速坠落,重新上路后不久，海平线开始下降。,9000,0,0,0,50446,5400,,0
247,3,2032,固定光翼,“别担心”船长安慰你“我们这艘是可以飞的船。但是需要足够的红宝石作为能量。”,9000,0,108,195,50447,180,,0
248,1,3106,始祖飞龙,忽然间，狂风大作，一直庞大的始祖飞龙盯上了光翼的能量，大口大口的啃食。,9000,0,0,5248,50448,5400,第83关守卫【始祖飞龙】的,20
249,0,1004,有惊无险,击退了恶龙，方舟有惊无险地降落至水面。,9000,0,0,0,50449,5400,,0
250,0,1076,苍穹奇迹,苍穹瀑布由巨大的落差组成，海水被神力隔成两个位面。,9000,0,0,0,50450,180,,0
251,1,1092,暴怒的元素,尽管有光翼加持，方舟的降落仍然惊天动地。一群被激怒的元素生物将你们包围起来。,9000,0,0,5251,50451,5400,,0
252,0,1079,天幕之境,继续航线，前方出现了陆地。靠近一看，竟然是一片生机盎然的草原。,9000,0,0,0,50452,5400,,0
253,1,1076,狂野魔兽,告别了船员，你踏实了寻找失落之城的新征途。刚想感慨，草原上暗藏的魔兽就扑了上来。,9000,0,0,5253,50453,180,,0
254,1,1088,狩猎开始,如你所见这里简直就是造物主的恩赐，尽情的狩猎吧。,9000,0,0,5254,50454,5400,,0
255,4,1123,天幕荒原,从远方来的冒险者，你听说过上古邪神的传说吗？,9000,0,0,0,50455,5400,,0
256,3,1108,王牌猎手,“你好我是赫米特·奈辛瓦里，欢迎来到众神猎场。”只见其递来了一份狩猎协议。,9000,0,106,75,50456,180,,0
257,1,3101,史前巨兽,一直巨大的史前巨兽出现在你们的视线里，这将会决定谁才是真正的王牌猎手。,9000,0,0,5257,50457,5400,,0
258,3,1108,寻找失落之城,“看来你就是传说中的冒险者，我知道一条通往失落之城的道路，但这是秘密，嗯？除非…”,9000,0,109,135,50458,5400,,0
259,1,1049,废墟恶徒,穿过荒原你发现一片废墟遗迹，废墟中的恶徒也发现了你。,9000,0,0,5259,50459,180,,0
260,1,1056,废墟强盗,一伙装备精良的废墟强盗闻声赶来，你的运气不错。,9000,0,0,5260,50460,5400,,0
261,4,1049,失落之城,“别打啦，失落之城就在遗迹后面。”恶徒们似乎得到了教训。,9000,0,0,0,50461,5400,,0
262,1,1049,市井混混,主城外的旧城区充斥着难民，一群市井混混将你拦下。,9000,0,0,5262,50462,180,,0
263,1,2034,黑帮教父,我的手下告诉我，你似乎不懂规矩？,9000,0,0,5263,50463,5400,,0
264,0,1089,前往内城,穿过旧城区，宏伟的主城完全展现在你的面前。,9000,0,0,0,50464,5400,,0
265,1,1094,矩阵防御,城门口的防御系统对你产生了警觉，一队队守卫向你冲了过来。,9000,0,0,5265,50465,180,,0
266,1,1075,防御守卫,来不及细想，又有大群守卫将你层层包围。,9000,0,0,5266,50466,5400,,0
267,0,2024,前往河道 ,源源不断的守卫从城中涌出，你想了想改变了主意。,9000,0,3,17250,50467,5400,,0
268,1,1079,护城卫兵,河道中的警报系统又激活了一队卫兵。,9000,0,0,5268,50468,180,,0
269,1,1094,卫队百夫长,一位卫队百夫长拦住你的去路。,9000,0,0,5269,50469,5400,,0
270,0,1006,庞贝城再现,干掉守卫，你加速穿越河道。,9000,0,0,0,50470,5400,通过【90】关的,20
271,4,1094,魔导卫兵,庞贝城中居然也是守备森严，空旷的街道上只有魔导卫兵在巡逻。,9000,0,0,0,50471,180,,0
272,1,1094,魔导卫兵,庞贝城中居然也是守备森严，空旷的街道上只有魔导卫兵在巡逻。,9000,0,0,5272,50472,5400,,0
273,1,1094,魔导卫兵,庞贝城中居然也是守备森严，空旷的街道上只有魔导卫兵在巡逻。,9000,0,0,5273,50473,5400,,0
274,4,1075,伟业考核,你遇到了庞贝伟业的执事，他向你说明之前都只是只是伟业考核的初试。,9000,0,0,0,50474,180,,0
275,1,1076,伟业邀请函,现在才是正真的考验开始。你必须穿越新街街道到达庞贝伟业，见到院长安东尼达斯。,9000,0,0,5275,50475,5400,,0
276,4,1077,前往新街,你挑战状态，沿着街道向着目标前进。,9000,0,0,0,50476,5400,,0
277,1,1079,庞贝内城,新街和纠结的景色完全不同，这里守卫的实力大幅提升。你终于明白初试的意思。,9000,0,0,5277,50477,180,,0
278,1,1095,防御系统,防御系统提升至最高等级，只有战胜它你才能进入庞贝伟业。,9000,0,0,5278,50478,5400,,0
279,1,1096,庞贝伟业,很好，欢迎你命运选中的勇者。我是庞贝伟业的院长，安东尼达斯。我会向你说明一切。,9000,0,0,5279,50479,5400,,0
280,1,1047,魔导学院,庞贝伟业是一所魔导学院，如你所见，上古魔导技术打造的战争机器非常厉害。你可以试试这种最新型号。,9000,0,0,5280,50480,180,,0
281,4,1081,魔物研究,此外，上古生物研究也有突飞猛进的发展，你可以试试纯生物技术的实验型魔物。,9000,0,0,0,50481,5400,,0
282,0,1083,上古学院,安东尼达斯欣赏地轻松地微笑着，你却有种想海扁他一顿的冲动，,9000,0,0,0,50482,5400,,0
283,0,1084,研究课题,庞贝伟业是纪元终结的遗产，是拯救位面的最后堡垒。请原谅我们粗鲁地考验你的实力。,9000,0,0,0,50483,180,,0
284,1,1085,究极神兵,黑暗中你似乎听到了一些诡异的声音，你借着光线向前探索，一个庞大而恐怖的生物出现在眼前。,9000,0,0,5284,50484,5400,,0
285,4,1087,英雄学院,你并不是第一个来到这里的冒险者，然而你的实力和潜力确实是最高的。,9000,0,0,0,50485,5400,,0
286,0,1088,希望之路,首先你必须明白希望之路这个位面拯救计划，召唤勇者，并加以培养。从而对抗。。那些家伙，恩。,9000,0,0,0,50486,180,,0
287,1,1089,末日预言,末日预言是确实存在的，种下末日之种的位面会遭到末日收割者的入侵而最终导致灭亡。,9000,0,0,5287,50487,5400,,0
288,0,1090,试炼之路,好了，正在的试炼之路已经向你打开，请进吧英雄。,9000,0,0,0,50488,5400,,0
289,1,1091,试炼守卫,试炼守卫准备就绪。,9000,0,0,5289,50489,180,,0
290,1,1092,试炼守卫,试炼守卫再次准备就绪。,9000,0,0,5290,50490,5400,,0
291,1,1093,试炼守卫,试炼守卫再再次准备就绪，这是最后一次。,9000,0,0,5291,50491,5400,,0
292,1,1166,失控的守卫,警报，安全限制已解除，杀戮模式已开启。守卫似乎已经失控。,9000,0,0,5292,50492,180,,0
293,1,1002,错乱的守卫,警报，安全限制已解除，杀戮模式已开启。守卫似乎已经错乱。,9000,0,0,5293,50493,5400,,0
294,0,1094,前往传送门,试炼之路已经疯狂。你根据指引，退往传送门。,9000,0,0,0,50494,5400,,0
295,1,1003,错乱的守卫,刚跨来到门口，一组错乱的守卫围了上来。,9000,0,0,5295,50495,180,,0
296,1,1074,不稳定通道,错乱的守卫越聚越多，你开始怀疑指引的用意。,9000,0,0,5296,50496,5400,,0
297,4,1075,通道展开,传送门发出耀眼的光芒，一条位面通道缓缓展开。,9000,0,0,0,50497,5400,,0
298,1,1002,守护天使,同道中已是战场，恶魔与天使正在浴血奋战。,9000,0,0,5298,50498,180,,0
299,0,1076,战斗光天使,光天使也在其中，她见到你，指向通道的尽头。你加速通过。,9000,0,0,0,50499,5400,,0
300,0,1077,灵感位面,通道的尽头是一个稳定的位面，充满了生机。,9000,0,0,0,50500,5400,,0
301,0,1002,位面战争,你感受到神力的波动，意识到自己来到了主位面——灵感。,9000,0,0,0,50501,180,,0
302,1,1079,炽天使,炽天使杀红了眼睛向你扑来。,9000,0,0,5302,50502,5400,,0
303,4,1095,灵感神殿,你继续前行，光线渐强，前方出现一幢宏伟的神殿。,9000,0,0,0,50503,5400,,0
304,4,1096,神殿禁区,神殿前方树立着警告标示，示意此处已是禁区。,9000,0,0,0,50504,180,,0
305,1,1047,禁区守卫,禁区守卫杀红了眼睛向你扑来。,9000,0,0,5305,50505,5400,,0
306,0,1081,初识领域,忽然，你感觉自己的力量被封印了起来。,9000,0,0,0,50506,5400,,0
307,1,1001,位面中枢,圣神的威压向你袭来，你匍匐在地上抬不起头，此处正是位面的中枢。,9000,0,0,5307,50507,180,,0
308,4,1083,女神投影,灵感女神的投影降临。你是我们位面的希望。,9000,0,0,0,50508,5400,,0
309,0,1084,领域核心,末日之战正在进行，我们需要你的帮助，现在前往领域核心。,9000,0,0,0,50509,5400,,0
310,1,1085,阴谋诡计,一切的一切串联了起来，只差最后一点了。,9000,0,0,5310,50510,180,,0
311,1,1087,异位面英雄,一位同你一样打扮的冒险者出现在你的面前。你似乎预料到了他的出现。,9000,0,0,5311,50511,5400,,0
312,0,1088,核心裂缝,领域核心中出现了一条裂缝，这是通往末日战场的不归路。,9000,0,0,0,50512,5400,,0
313,1,1089,恶魔入侵,裂缝中是恶魔的主场，恶魔数量陡然增加。,9000,0,0,5313,50513,180,,0
314,1,1090,恶魔入侵,裂缝中是恶魔的主场，恶魔数量陡然增加。,9000,0,0,5314,50514,5400,,0
315,4,1091,时空裂痕,核心裂缝禁受不住强者们力量的冲击，开始膨胀，变化为时空裂痕。,9000,0,0,0,50515,5400,,0
316,4,1092,罪恶之源,力量的界限被突破，更强大的恶魔领主降临了。,9000,0,0,0,50516,180,,0
317,1,1002,邪恶的英雄,邪恶的冒险者，向你走来，你瞬间领悟到都是他一手导演的。,9000,0,0,5317,50517,5400,,0
318,0,1006,以太风暴,邪恶的冒险者引爆了自己，剧烈的能量波动引发了风暴。,9000,0,0,0,50518,5400,,0
319,1,1003,风暴魔物,风暴中纯净的能量被风暴魔物吸收。,9000,0,0,5319,50519,180,,0
320,1,1093,风暴魔物,吸收了纯净能量的魔物变得非常难缠。,9000,0,0,5320,50520,5400,,0
321,4,1004,风暴中心,你被风暴向中心扯动，忽然，能量的波动消失了。,9000,0,0,0,50521,5400,,0
322,0,1002,沉重的脚步,你打败了剩下的魔物，开始休息。,9000,0,0,0,50522,180,,0
323,4,1094,短暂休整,短暂的休整，让你喘了口气，你开始思考一切。,9000,0,0,0,50523,5400,,0
324,0,1074,风暴之眼,风暴中心的能量开始凝结，形成了风暴之眼。,9000,0,0,0,50524,5400,,0
325,1,1075,末日哨兵,末日收割者中低阶的末日哨兵从天而降。末日之战终于进入到决战阶段。,9000,0,0,5325,50525,180,,0
326,1,1076,末日之主,末日之主降临，你感受到前所未有的挑战。,9000,0,0,5326,50526,5400,,0
327,0,1077,末日小径,末日军团源源不绝，你决定破话他们的后勤补给，一番观察之后，你且战且退。,9000,0,0,0,50527,5400,,0
328,1,1079,末日士兵,末日基地中的哨兵发现了你。,9000,0,0,5328,50528,180,,0
329,1,1095,末日领主,糟糕，你遇到了末日领主。,9000,0,0,5329,50529,5400,,0
330,4,1002,火焰之路,这只是末日大军中小小的一个站点。你觉得沿着蜿蜒的火焰之路继续前行。,9000,0,0,0,50530,5400,,0
331,4,1001,险象环生,火焰平原布满了末日军团，硬拼不是上策，你决定绕行，险象环生。,9000,0,0,0,50531,180,,0
332,1,1096,且战且退,不可避免的遭遇到了末日军团。,9000,0,0,5332,50532,5400,,0
333,0,1047,火焰洞穴,一个洞穴出现在你的视野中，你稍作考虑便闪身进入。,9000,0,0,0,50533,5400,,0
334,4,1081,矿洞秘宝,火焰矿洞中堆积着末日军团夺来的纯净能量本源。,9000,0,0,0,50534,180,,0
335,1,1083,矿洞主人,矿洞中一个巨人愤怒地向你杀来。,9000,0,0,5335,50535,5400,,0
336,4,1007,矿洞密道,打倒了巨人，吸引了末日军团的主意，你发现了一条密道，看来是时候华丽地撤退了。,9000,0,0,0,50536,5400,,0
337,1,1084,决战前夕,这里的资源被洗劫一空，末日军团更加强大。,9000,0,0,5337,50537,180,,0
338,1,1085,末日巡逻队,末日巡逻队发现了你。向发现了迷途的羔羊冲了过来。,9000,0,0,5338,50538,5400,,0
339,1,1087,以太前哨,沿着巡逻队来时的方向前行，你发现了一个哨岗。,9000,0,0,5339,50539,5400,,0
340,1,1088,末日大军,哨岗中的末日大军发现了你。,9000,0,0,5340,50540,180,,0
341,4,1002,希望的火种,你发现了哨岗中的希望火种。,9000,0,0,0,50541,5400,,0
342,0,1089,末日山脊,一个计划在你脑海中浮现，但时机未到，你决定暂时撤退。,9000,0,0,0,50542,5400,,0
343,0,1090,秘密基地,你沿着通道来到末日山脊，山顶处有一座末日军团的秘密基地。,9000,0,0,0,50543,180,,0
344,1,1007,恶魔苏醒,基地中，一个强大的恶魔正在苏醒。,9000,0,0,5344,50544,5400,,0
345,4,1004,末日要塞,击败恶魔，祭坛背后出现一条通道。,9000,0,0,0,50545,5400,,0
346,0,1091,女神降临,终于找到了，这是击败末日军团的关键。,9000,0,0,0,50546,180,,0
347,1,1092,最终之战,末日军团长出现在你的面前。,9000,0,0,5347,50547,5400,,0
348,0,1093,宿命决战,末日军团失去了最高指挥，局势将会得到缓解。,9000,0,0,0,50548,5400,,0
349,1,1094,灵感,灵感女神与你联系，预警接下来的战斗将会非常关键。,9000,0,0,5349,50549,180,,0
350,1,1074,宿命决战,女神的联系忽然终止，邪恶的冒险者再次出现在你的面前，看来最终之战在所难免。,9000,0,0,5350,50550,5400,,0
351,1,1075,时间枷锁,一阵黑烟飘过，幕后黑手终于灰飞烟灭。,9000,0,0,5351,50551,5400,,0
352,0,1076,身陷漩涡,你被牵扯进时间的漩涡。,9000,0,0,0,50552,180,,0
353,1,1004,漩涡怪物,漩涡中充斥着各个纪元强横的怪物，不得挣脱。,9000,0,0,5353,50553,5400,,0
354,0,1002,打破枷锁,你回忆起试炼之地的训练，展开灵感领域，漩涡的流速瞬间降低。,9000,0,0,0,50554,5400,,0
355,0,1077,不祥的预感,尽管即将赢得末日之战，但邪恶的气息却越来越浓。,9000,0,0,0,50555,180,,0
356,1,1079,魔化末日领主,魔化了的末日领主再次降临。,9000,0,0,5356,50556,5400,,0
357,4,1095,灭世之光,魔化末日领主缠住了你太多时间，灭世之光已经引燃，功亏一篑。,9000,0,0,0,50557,5400,,0
358,0,1096,混沌的虚无,你陷入了永恒的混沌与虚无之中。,9000,0,0,0,50558,180,,0
359,1,1047,纪元凶兽,不断涌出的纪元凶兽是你唯一存活着的证明。,9000,0,0,5359,50559,5400,,0
360,0,1007,纪元终结,灵魂中有一个声音不断地刺激着你，灵感位面被收割，第一纪元终结。,9000,0,0,0,50560,5400,,0
