奖励ID,类型,奖励描述,子类型,数据1,数据2
899,10,矿稿等级+1,0,1,0
900,7,解锁-封神之阶,14,0,0
901,12,你获得了逐风者之剑,1,0,0
902,12,你获得了守护者之杖,2,0,0
903,12,你获得了守护者长弓,3,0,0
904,12,你获得了炎魔之手,4,0,0
905,12,你获得了埃辛诺斯双刃,5,0,0
906,12,你获得了诸界的毁灭者,6,0,0
907,12,你获得了群星之怒,7,0,0
908,12,你获得了朗基努斯之枪,8,0,0
909,12,你获得了无坚不摧之力,9,0,0
910,12,你获得了末日之斧,10,0,0
911,12,你获得了命运轮回之剑,11,0,0
921,7,解锁-神殿,1,0,0
922,7,解锁-商会,2,0,0
923,7,解锁-工坊,3,0,0
924,7,解锁-挖矿,4,0,0
925,7,解锁-招募,5,0,0
926,7,解锁-基地,6,0,0
927,7,解锁-竞技场,7,0,0
928,7,解锁-商店,8,0,0
929,7,解锁-觉醒,9,0,0
930,7,解锁-装备强化,10,0,0
931,7,解锁-神器,11,0,0
932,7,解锁-解雇佣兵,12,0,0
933,7,解锁-排序功能,13,0,0
934,8,你感到有一丝迷惘，同时仿佛有感觉到新世界的大门向你打开了。出战英雄的上限增加了。,20,0,0
935,5,已经开启关卡,61,0,0
936,5,已经开启关卡,62,0,0
937,5,已经开启关卡,63,0,0
938,5,已经开启关卡,64,0,0
939,5,已经开启关卡,65,0,0
940,5,已经开启关卡,66,0,0
941,4,你从这本厚厚的书中获得了莫大的智慧。,0,200000,0
942,4,你从这本厚厚的书中获得了莫大的智慧。,0,1000000,0
943,4,你从这本厚厚的书中获得了莫大的智慧。,0,2000000,0
944,4,你从这本厚厚的书中获得了莫大的智慧。,0,3000000,0
945,4,你从这本厚厚的书中获得了莫大的智慧。,0,4000000,0
946,4,你从这本厚厚的书中获得了莫大的智慧。,0,5000000,0
947,4,你从这本厚厚的书中获得了莫大的智慧。,0,6000000,0
948,4,你从这本厚厚的书中获得了莫大的智慧。,0,7000000,0
949,4,你从这本厚厚的书中获得了莫大的智慧。,0,8000000,0
950,4,你从这本厚厚的书中获得了莫大的智慧。,0,9000000,0
951,4,你从这本厚厚的书中获得了莫大的智慧。,0,10000000,0
952,4,你从这本厚厚的书中获得了莫大的智慧。,0,11000000,0
953,4,你从这本厚厚的书中获得了莫大的智慧。,0,12000000,0
954,4,你从这本厚厚的书中获得了莫大的智慧。,0,16000000,0
955,4,你从这本厚厚的书中获得了莫大的智慧。,0,20000000,0
956,4,你从这本厚厚的书中获得了莫大的智慧。,0,25000000,0
957,4,你从这本厚厚的书中获得了莫大的智慧。,0,30000000,0
958,4,你从这本厚厚的书中获得了莫大的智慧。,0,35000000,0
959,4,你从这本厚厚的书中获得了莫大的智慧。,0,40000000,0
960,4,你从这本厚厚的书中获得了莫大的智慧。,0,45000000,0
961,4,你从这本厚厚的书中获得了莫大的智慧。,0,50000000,0
962,4,你从这本厚厚的书中获得了莫大的智慧。,0,60000000,0
963,4,你从这本厚厚的书中获得了莫大的智慧。,0,70000000,0
964,4,你从这本厚厚的书中获得了莫大的智慧。,0,80000000,0
965,4,你从这本厚厚的书中获得了莫大的智慧。,0,90000000,0
966,4,你从这本厚厚的书中获得了莫大的智慧。,0,100000000,0
967,4,你从这本厚厚的书中获得了莫大的智慧。,0,200000000,0
968,4,你从这本厚厚的书中获得了莫大的智慧。,0,300000000,0
969,4,你从这本厚厚的书中获得了莫大的智慧。,0,400000000,0
970,4,你从这本厚厚的书中获得了莫大的智慧。,0,500000000,0
971,4,你从这本厚厚的书中获得了莫大的智慧。,0,600000000,0
972,4,你从这本厚厚的书中获得了莫大的智慧。,0,700000000,0
973,4,你从这本厚厚的书中获得了莫大的智慧。,0,800000000,0
974,4,你从这本厚厚的书中获得了莫大的智慧。,0,900000000,0
975,4,你从这本厚厚的书中获得了莫大的智慧。,0,1000000000,0
976,4,你从这本厚厚的书中获得了莫大的智慧。,0,1100000000,0
977,4,你从这本厚厚的书中获得了莫大的智慧。,0,1200000000,0
978,4,你从这本厚厚的书中获得了莫大的智慧。,0,1300000000,0
979,4,你从这本厚厚的书中获得了莫大的智慧。,0,1400000000,0
980,4,你从这本厚厚的书中获得了莫大的智慧。,0,1500000000,0
981,4,你从这本厚厚的书中获得了莫大的智慧。,0,1600000000,0
982,4,你从这本厚厚的书中获得了莫大的智慧。,0,1700000000,0
983,4,你从这本厚厚的书中获得了莫大的智慧。,0,1800000000,0
984,4,你从这本厚厚的书中获得了莫大的智慧。,0,1900000000,0
985,4,你从这本厚厚的书中获得了莫大的智慧。,0,2000000000,0
986,4,你从这本厚厚的书中获得了莫大的智慧。,0,2100000000,0
987,5,已经开启关卡,67,0,0
988,5,已经开启关卡,68,0,0
989,5,已经开启关卡,69,0,0
990,5,已经开启关卡,70,0,0
991,5,已经开启关卡,71,0,0
992,5,已经开启关卡,72,0,0
993,5,已经开启关卡,73,0,0
994,5,已经开启关卡,74,0,0
995,5,已经开启关卡,75,0,0
996,5,已经开启关卡,76,0,0
997,5,已经开启关卡,77,0,0
998,5,已经开启关卡,78,0,0
999,5,已经开启关卡,79,0,0
1000,5,已经开启关卡,80,0,0
1001,5,已经开启关卡,81,0,0
1002,5,已经开启关卡,82,0,0
1003,5,已经开启关卡,83,0,0
1004,5,已经开启关卡,84,0,0
1005,5,已经开启关卡,85,0,0
1006,5,已经开启关卡,86,0,0
1007,5,已经开启关卡,87,0,0
1008,5,已经开启关卡,88,0,0
1009,5,已经开启关卡,89,0,0
1010,5,已经开启关卡,90,0,0
1011,5,已经开启关卡,91,0,0
1012,5,已经开启关卡,92,0,0
1013,5,已经开启关卡,93,0,0
1014,5,已经开启关卡,94,0,0
1015,5,已经开启关卡,95,0,0
1016,5,已经开启关卡,96,0,0
1017,5,已经开启关卡,97,0,0
1018,5,已经开启关卡,98,0,0
1019,5,已经开启关卡,99,0,0
1020,5,已经开启关卡,100,0,0
1021,5,已经开启关卡,101,0,0
1022,5,已经开启关卡,102,0,0
1023,5,已经开启关卡,103,0,0
1024,5,已经开启关卡,104,0,0
1025,5,已经开启关卡,105,0,0
1026,5,已经开启关卡,106,0,0
1027,5,已经开启关卡,107,0,0
1028,5,已经开启关卡,108,0,0
1029,5,已经开启关卡,109,0,0
1030,5,已经开启关卡,110,0,0
1031,5,已经开启关卡,111,0,0
1032,5,已经开启关卡,112,0,0
1033,5,已经开启关卡,113,0,0
1034,5,已经开启关卡,114,0,0
1035,5,已经开启关卡,115,0,0
1036,5,已经开启关卡,116,0,0
1037,5,已经开启关卡,117,0,0
1038,5,已经开启关卡,118,0,0
1039,5,已经开启关卡,119,0,0
1040,5,已经开启关卡,120,0,0
1041,2,你感到身体充满了力量！,0,10,0
1042,2,你感到身体充满了力量！,0,100,0
1043,2,你感到身体充满了力量！,0,1000,0
1044,8,你感到有一丝迷惘，同时仿佛有感觉到新世界的大门向你打开了。出战英雄的上限增加了。,1,0,0
1045,10,矿稿等级+1  可以挖掘更高级的矿石！,19,1,0
1046,9,挖矿次数上限已经提升。,8,1,0
1047,9,挖矿次数上限已经提升。,8,5,0
1048,9,挖矿次数上限已经提升。,8,20,0
1049,16,冒险时可累计的宝箱上限已经提升。,17,1,0
1050,16,冒险时可累计的宝箱上限已经提升。,17,5,0
1051,16,冒险时可累计的宝箱上限已经提升。,17,20,0
1942,5,已经开启关卡,1,0,0
1943,5,已经开启关卡,2,0,0
1944,5,已经开启关卡,3,0,0
1945,5,已经开启关卡,4,0,0
1946,5,已经开启关卡,5,0,0
1947,5,已经开启关卡,6,0,0
1948,5,已经开启关卡,7,0,0
1949,5,已经开启关卡,8,0,0
1950,5,已经开启关卡,9,0,0
1951,5,已经开启关卡,10,0,0
1952,5,已经开启关卡,11,0,0
1953,5,已经开启关卡,12,0,0
1954,5,已经开启关卡,13,0,0
1955,5,已经开启关卡,14,0,0
1956,5,已经开启关卡,15,0,0
1957,5,已经开启关卡,16,0,0
1958,5,已经开启关卡,17,0,0
1959,5,已经开启关卡,18,0,0
1960,5,已经开启关卡,19,0,0
1961,5,已经开启关卡,20,0,0
1962,5,已经开启关卡,21,0,0
1963,5,已经开启关卡,22,0,0
1964,5,已经开启关卡,23,0,0
1965,5,已经开启关卡,24,0,0
1966,5,已经开启关卡,25,0,0
1967,5,已经开启关卡,26,0,0
1968,5,已经开启关卡,27,0,0
1969,5,已经开启关卡,28,0,0
1970,5,已经开启关卡,29,0,0
1971,5,已经开启关卡,30,0,0
1972,5,已经开启关卡,31,0,0
1973,5,已经开启关卡,32,0,0
1974,5,已经开启关卡,33,0,0
1975,5,已经开启关卡,34,0,0
1976,5,已经开启关卡,35,0,0
1977,5,已经开启关卡,36,0,0
1978,5,已经开启关卡,37,0,0
1979,5,已经开启关卡,38,0,0
1980,5,已经开启关卡,39,0,0
1981,5,已经开启关卡,40,0,0
1982,5,已经开启关卡,41,0,0
1983,5,已经开启关卡,42,0,0
1984,5,已经开启关卡,43,0,0
1985,5,已经开启关卡,44,0,0
1986,5,已经开启关卡,45,0,0
1987,5,已经开启关卡,46,0,0
1988,5,已经开启关卡,47,0,0
1989,5,已经开启关卡,48,0,0
1990,5,已经开启关卡,49,0,0
1991,5,已经开启关卡,50,0,0
1992,5,已经开启关卡,51,0,0
1993,5,已经开启关卡,52,0,0
1994,5,已经开启关卡,53,0,0
1995,5,已经开启关卡,54,0,0
1996,5,已经开启关卡,55,0,0
1997,5,已经开启关卡,56,0,0
1998,5,已经开启关卡,57,0,0
1999,5,已经开启关卡,58,0,0
2000,5,已经开启关卡,59,0,0
2001,5,已经开启关卡,60,0,0
10001,0,你消灭了巨魔石像，搜索后找到了一个保存完好的巨魔雕像这似乎是这个怪物的核心。,5,1,0
10002,0,你消灭了巨魔石像，搜索后找到了一个保存完好的古代徽章。,301,1,0
10003,0,你消灭了巨魔石像，搜索后找到了一个保存完好的古代徽章。,302,1,0
10004,0,你消灭了巨魔石像，搜索后找到了一个保存完好的古代徽章。,303,1,0
10005,0,你消灭了黑色巨魔石像，搜索后似乎找到了两个保存完好的巨魔雕像。,5,2,0
10006,0,你消灭了狩猎团，找到了一个似乎装着宝物的包裹。,5,3,0
10007,0,一阵悲鸣之后，黑色魔铁巨像的身体分裂成了数个小块，失去了生机。你发现一些珍贵的晶体掉落在了地上。,112,1,0
10008,0,一阵悲鸣之后，黑色魔铁巨像的身体分裂成了数个小块，失去了生机。你发现一些珍贵的晶体掉落在了地上。,113,1,0
10009,0,一阵悲鸣之后，黑色魔铁巨像的身体分裂成了数个小块，失去了生机。你发现一些珍贵的晶体掉落在了地上。,114,1,0
10010,0,一阵悲鸣之后，黑色魔铁巨像的身体分裂成了数个小块，失去了生机。你发现一些珍贵的晶体掉落在了地上。,115,1,0
10011,0,一阵悲鸣之后，狩猎团的身体分裂成了数个小块，失去了生机。你发现一些珍贵的晶体掉落在了地上。,112,1,0
10012,0,一阵悲鸣之后，狩猎团的身体分裂成了数个小块，失去了生机。你发现一些珍贵的晶体掉落在了地上。,113,1,0
10013,0,一阵悲鸣之后，狩猎团的身体分裂成了数个小块，失去了生机。你发现一些珍贵的晶体掉落在了地上。,114,1,0
10014,0,一阵悲鸣之后，狩猎团的身体分裂成了数个小块，失去了生机。你发现一些珍贵的晶体掉落在了地上。,115,1,0
10015,0,一阵悲鸣之后，深红之王的身体分裂成了数个小块，失去了生机。你发现一些珍贵的晶体掉落在了地上。,112,1,0
10016,0,一阵悲鸣之后，深红之王的身体分裂成了数个小块，失去了生机。你发现一些珍贵的晶体掉落在了地上。,113,1,0
10017,0,一阵悲鸣之后，深红之王的身体分裂成了数个小块，失去了生机。你发现一些珍贵的晶体掉落在了地上。,114,1,0
10018,0,一阵悲鸣之后，深红之王的身体分裂成了数个小块，失去了生机。你发现一些珍贵的晶体掉落在了地上。,115,1,0
10019,0,一阵悲鸣之后，琉璃之王的身体分裂成了数个小块，失去了生机。你发现一些珍贵的晶体掉落在了地上。,112,1,0
10020,0,一阵悲鸣之后，琉璃之王的身体分裂成了数个小块，失去了生机。你发现一些珍贵的晶体掉落在了地上。,113,1,0
10021,0,一阵悲鸣之后，琉璃之王的身体分裂成了数个小块，失去了生机。你发现一些珍贵的晶体掉落在了地上。,114,1,0
10022,0,一阵悲鸣之后，琉璃之王的身体分裂成了数个小块，失去了生机。你发现一些珍贵的晶体掉落在了地上。,115,1,0
10023,0,一阵悲鸣之后，光之王的身体分裂成了数个小块，失去了生机。你发现一些珍贵的晶体掉落在了地上。,112,1,0
10024,0,一阵悲鸣之后，光之王的身体分裂成了数个小块，失去了生机。你发现一些珍贵的晶体掉落在了地上。,113,1,0
10025,0,一阵悲鸣之后，光之王的身体分裂成了数个小块，失去了生机。你发现一些珍贵的晶体掉落在了地上。,114,1,0
10026,0,一阵悲鸣之后，光之王的身体分裂成了数个小块，失去了生机。你发现一些珍贵的晶体掉落在了地上。,115,1,0
10027,0,一阵悲鸣之后，影之王的身体分裂成了数个小块，失去了生机。你发现一些珍贵的晶体掉落在了地上。,112,1,0
10028,0,一阵悲鸣之后，影之王的身体分裂成了数个小块，失去了生机。你发现一些珍贵的晶体掉落在了地上。,113,1,0
10029,0,一阵悲鸣之后，影之王的身体分裂成了数个小块，失去了生机。你发现一些珍贵的晶体掉落在了地上。,114,1,0
10030,0,一阵悲鸣之后，影之王的身体分裂成了数个小块，失去了生机。你发现一些珍贵的晶体掉落在了地上。,115,1,0
10101,4,你战胜了巨魔雕像，你感觉自己变强了一些。,0,500,0
10102,4,你战胜了巨魔雕像，你感觉自己变强了一些。,0,1000,0
10103,4,你战胜了巨魔雕像，你感觉自己变强了一些。,0,1500,0
10104,4,你战胜了巨魔雕像，你感觉自己变强了一些。,0,2000,0
10105,4,你战胜了巨魔雕像，你感觉自己变强了一些。,0,3000,0
10106,4,你战胜了巨魔雕像，你感觉自己变强了一些。,0,4000,0
10107,4,你战胜了巨魔雕像，你感觉自己变强了一些。,0,5000,0
10108,4,你战胜了巨魔雕像，你感觉自己变强了一些。,0,6000,0
10109,4,你战胜了巨魔雕像，你感觉自己变强了一些。,0,7000,0
10110,4,你战胜了巨魔雕像，你感觉自己变强了一些。,0,9000,0
10111,4,你战胜了巨魔雕像，你感觉自己变强了一些。,0,11000,0
10112,4,你战胜了巨魔雕像，你感觉自己变强了一些。,0,13000,0
10113,4,你战胜了巨魔雕像，你感觉自己变强了一些。,0,15000,0
10114,4,你战胜了巨魔雕像，你感觉自己变强了一些。,0,17000,0
10115,4,你战胜了巨魔雕像，你感觉自己变强了一些。,0,19000,0
10116,4,你战胜了巨魔雕像，你感觉自己变强了一些。,0,22000,0
10117,4,你战胜了巨魔雕像，你感觉自己变强了一些。,0,25000,0
10118,4,你战胜了巨魔雕像，你感觉自己变强了一些。,0,28000,0
10119,4,你战胜了巨魔雕像，你感觉自己变强了一些。,0,31000,0
10120,4,你战胜了巨魔雕像，你感觉自己变强了一些。,0,34000,0
10121,4,你战胜了巨魔雕像，你感觉自己变强了一些。,0,37000,0
10122,4,你战胜了巨魔雕像，你感觉自己变强了一些。,0,40000,0
10123,4,你战胜了巨魔雕像，你感觉自己变强了一些。,0,44000,0
10124,4,你战胜了巨魔雕像，你感觉自己变强了一些。,0,48000,0
10125,4,你战胜了巨魔雕像，你感觉自己变强了一些。,0,52000,0
10126,4,你战胜了巨魔雕像，你感觉自己变强了一些。,0,56000,0
10127,4,你战胜了巨魔雕像，你感觉自己变强了一些。,0,60000,0
10128,4,你战胜了巨魔雕像，你感觉自己变强了一些。,0,64000,0
10129,4,你战胜了巨魔雕像，你感觉自己变强了一些。,0,68000,0
10130,4,你战胜了巨魔雕像，你感觉自己变强了一些。,0,72000,0
10131,4,你战胜了巨魔雕像，你感觉自己变强了一些。,0,77000,0
10132,4,你战胜了巨魔雕像，你感觉自己变强了一些。,0,82000,0
10133,4,你战胜了巨魔雕像，你感觉自己变强了一些。,0,87000,0
10134,4,你战胜了巨魔雕像，你感觉自己变强了一些。,0,92000,0
10135,4,你战胜了巨魔雕像，你感觉自己变强了一些。,0,97000,0
10136,4,你战胜了巨魔雕像，你感觉自己变强了一些。,0,102000,0
10137,4,你战胜了巨魔雕像，你感觉自己变强了一些。,0,107000,0
10138,4,你战胜了巨魔雕像，你感觉自己变强了一些。,0,112000,0
10139,4,你战胜了巨魔雕像，你感觉自己变强了一些。,0,117000,0
10140,4,你战胜了巨魔雕像，你感觉自己变强了一些。,0,122000,0
10141,4,你战胜了巨魔雕像，你感觉自己变强了一些。,0,127000,0
10142,4,你战胜了巨魔雕像，你感觉自己变强了一些。,0,132000,0
10143,4,你战胜了巨魔雕像，你感觉自己变强了一些。,0,137000,0
10144,4,你战胜了巨魔雕像，你感觉自己变强了一些。,0,142000,0
10145,4,你战胜了巨魔雕像，你感觉自己变强了一些。,0,147000,0
10146,4,你战胜了巨魔雕像，你感觉自己变强了一些。,0,152000,0
10147,4,你战胜了巨魔雕像，你感觉自己变强了一些。,0,157000,0
10148,4,你战胜了巨魔雕像，你感觉自己变强了一些。,0,162000,0
10149,4,你战胜了巨魔雕像，你感觉自己变强了一些。,0,167000,0
10150,4,你战胜了巨魔雕像，你感觉自己变强了一些。,0,172000,0
10151,4,你战胜了巨魔雕像，你感觉自己变强了一些。,0,177000,0
10152,4,你战胜了巨魔雕像，你感觉自己变强了一些。,0,182000,0
10153,4,你战胜了巨魔雕像，你感觉自己变强了一些。,0,187000,0
10154,4,你战胜了巨魔雕像，你感觉自己变强了一些。,0,192000,0
10155,4,你战胜了巨魔雕像，你感觉自己变强了一些。,0,197000,0
10156,4,你战胜了巨魔雕像，你感觉自己变强了一些。,0,202000,0
10157,4,你战胜了巨魔雕像，你感觉自己变强了一些。,0,207000,0
10158,4,你战胜了巨魔雕像，你感觉自己变强了一些。,0,212000,0
10159,4,你战胜了巨魔雕像，你感觉自己变强了一些。,0,217000,0
10160,4,你战胜了巨魔雕像，你感觉自己变强了一些。,0,222000,0
10161,4,你战胜了巨魔雕像，你感觉自己变强了一些。,0,227000,0
10162,4,你战胜了巨魔雕像，你感觉自己变强了一些。,0,232000,0
10163,4,你战胜了巨魔雕像，你感觉自己变强了一些。,0,237000,0
10164,4,你战胜了巨魔雕像，你感觉自己变强了一些。,0,242000,0
10165,4,你战胜了巨魔雕像，你感觉自己变强了一些。,0,247000,0
10166,4,你战胜了巨魔雕像，你感觉自己变强了一些。,0,252000,0
10167,4,你战胜了巨魔雕像，你感觉自己变强了一些。,0,257000,0
10168,4,你战胜了巨魔雕像，你感觉自己变强了一些。,0,262000,0
10169,4,你战胜了巨魔雕像，你感觉自己变强了一些。,0,267000,0
10170,4,你战胜了巨魔雕像，你感觉自己变强了一些。,0,272000,0
10171,4,你战胜了巨魔雕像，你感觉自己变强了一些。,0,277000,0
10172,4,你战胜了巨魔雕像，你感觉自己变强了一些。,0,282000,0
10173,4,你战胜了巨魔雕像，你感觉自己变强了一些。,0,287000,0
10174,4,你战胜了巨魔雕像，你感觉自己变强了一些。,0,292000,0
10175,4,你战胜了巨魔雕像，你感觉自己变强了一些。,0,297000,0
10176,4,你战胜了巨魔雕像，你感觉自己变强了一些。,0,302000,0
10177,4,你战胜了巨魔雕像，你感觉自己变强了一些。,0,307000,0
10178,4,你战胜了巨魔雕像，你感觉自己变强了一些。,0,312000,0
10179,4,你战胜了巨魔雕像，你感觉自己变强了一些。,0,317000,0
10180,4,你战胜了巨魔雕像，你感觉自己变强了一些。,0,322000,0
10181,4,你战胜了巨魔雕像，你感觉自己变强了一些。,0,327000,0
10182,4,你战胜了巨魔雕像，你感觉自己变强了一些。,0,332000,0
10183,4,你战胜了巨魔雕像，你感觉自己变强了一些。,0,337000,0
10184,4,你战胜了巨魔雕像，你感觉自己变强了一些。,0,342000,0
10185,4,你战胜了巨魔雕像，你感觉自己变强了一些。,0,347000,0
10186,4,你战胜了巨魔雕像，你感觉自己变强了一些。,0,352000,0
10187,4,你战胜了巨魔雕像，你感觉自己变强了一些。,0,357000,0
10188,4,你战胜了巨魔雕像，你感觉自己变强了一些。,0,362000,0
10189,4,你战胜了巨魔雕像，你感觉自己变强了一些。,0,367000,0
10190,4,你战胜了巨魔雕像，你感觉自己变强了一些。,0,372000,0
10191,4,你战胜了巨魔雕像，你感觉自己变强了一些。,0,377000,0
10192,4,你战胜了巨魔雕像，你感觉自己变强了一些。,0,382000,0
10193,4,你战胜了巨魔雕像，你感觉自己变强了一些。,0,387000,0
10194,4,你战胜了巨魔雕像，你感觉自己变强了一些。,0,392000,0
10195,4,你战胜了巨魔雕像，你感觉自己变强了一些。,0,397000,0
10196,4,你战胜了巨魔雕像，你感觉自己变强了一些。,0,402000,0
10197,4,你战胜了巨魔雕像，你感觉自己变强了一些。,0,407000,0
10198,4,你战胜了巨魔雕像，你感觉自己变强了一些。,0,412000,0
10199,4,你战胜了巨魔雕像，你感觉自己变强了一些。,0,417000,0
10200,4,你战胜了巨魔雕像，你感觉自己变强了一些。,0,422000,0
10201,4,你战胜了巨魔雕像，你感觉自己变强了一些。,0,427000,0
10202,4,你战胜了巨魔雕像，你感觉自己变强了一些。,0,432000,0
10203,4,你战胜了巨魔雕像，你感觉自己变强了一些。,0,437000,0
10204,4,你战胜了巨魔雕像，你感觉自己变强了一些。,0,442000,0
10205,4,你战胜了巨魔雕像，你感觉自己变强了一些。,0,447000,0
10206,4,你战胜了巨魔雕像，你感觉自己变强了一些。,0,452000,0
10207,4,你战胜了巨魔雕像，你感觉自己变强了一些。,0,457000,0
10208,4,你战胜了巨魔雕像，你感觉自己变强了一些。,0,462000,0
10209,4,你战胜了巨魔雕像，你感觉自己变强了一些。,0,467000,0
10210,4,你战胜了巨魔雕像，你感觉自己变强了一些。,0,472000,0
10211,4,你战胜了巨魔雕像，你感觉自己变强了一些。,0,477000,0
10212,4,你战胜了巨魔雕像，你感觉自己变强了一些。,0,482000,0
10213,4,你战胜了巨魔雕像，你感觉自己变强了一些。,0,487000,0
10214,4,你战胜了巨魔雕像，你感觉自己变强了一些。,0,492000,0
10215,4,你战胜了巨魔雕像，你感觉自己变强了一些。,0,497000,0
10216,4,你战胜了巨魔雕像，你感觉自己变强了一些。,0,502000,0
10217,4,你战胜了巨魔雕像，你感觉自己变强了一些。,0,507000,0
10218,4,你战胜了巨魔雕像，你感觉自己变强了一些。,0,512000,0
10219,4,你战胜了巨魔雕像，你感觉自己变强了一些。,0,517000,0
10220,4,你战胜了巨魔雕像，你感觉自己变强了一些。,0,522000,0
10221,4,你战胜了巨魔雕像，你感觉自己变强了一些。,0,527000,0
10222,4,你战胜了巨魔雕像，你感觉自己变强了一些。,0,532000,0
10223,4,你战胜了巨魔雕像，你感觉自己变强了一些。,0,537000,0
10224,4,你战胜了巨魔雕像，你感觉自己变强了一些。,0,542000,0
10225,4,你战胜了巨魔雕像，你感觉自己变强了一些。,0,547000,0
10226,4,你战胜了巨魔雕像，你感觉自己变强了一些。,0,552000,0
10227,4,你战胜了巨魔雕像，你感觉自己变强了一些。,0,557000,0
10228,4,你战胜了巨魔雕像，你感觉自己变强了一些。,0,562000,0
10229,4,你战胜了巨魔雕像，你感觉自己变强了一些。,0,567000,0
10230,4,你战胜了巨魔雕像，你感觉自己变强了一些。,0,572000,0
10231,4,你战胜了巨魔雕像，你感觉自己变强了一些。,0,577000,0
10232,4,你战胜了巨魔雕像，你感觉自己变强了一些。,0,582000,0
10233,4,你战胜了巨魔雕像，你感觉自己变强了一些。,0,587000,0
10234,4,你战胜了巨魔雕像，你感觉自己变强了一些。,0,592000,0
10235,4,你战胜了巨魔雕像，你感觉自己变强了一些。,0,597000,0
10236,4,你战胜了巨魔雕像，你感觉自己变强了一些。,0,602000,0
10237,4,你战胜了巨魔雕像，你感觉自己变强了一些。,0,607000,0
10238,4,你战胜了巨魔雕像，你感觉自己变强了一些。,0,612000,0
10239,4,你战胜了巨魔雕像，你感觉自己变强了一些。,0,617000,0
10240,4,你战胜了巨魔雕像，你感觉自己变强了一些。,0,622000,0
10241,4,你战胜了巨魔雕像，你感觉自己变强了一些。,0,627000,0
10242,4,你战胜了巨魔雕像，你感觉自己变强了一些。,0,632000,0
10243,4,你战胜了巨魔雕像，你感觉自己变强了一些。,0,637000,0
10244,4,你战胜了巨魔雕像，你感觉自己变强了一些。,0,642000,0
10245,4,你战胜了巨魔雕像，你感觉自己变强了一些。,0,647000,0
10246,4,你战胜了巨魔雕像，你感觉自己变强了一些。,0,652000,0
10247,4,你战胜了巨魔雕像，你感觉自己变强了一些。,0,657000,0
10248,4,你战胜了巨魔雕像，你感觉自己变强了一些。,0,662000,0
10249,4,你战胜了巨魔雕像，你感觉自己变强了一些。,0,667000,0
10250,4,你战胜了巨魔雕像，你感觉自己变强了一些。,0,672000,0
10251,4,你战胜了巨魔雕像，你感觉自己变强了一些。,0,677000,0
10252,4,你战胜了巨魔雕像，你感觉自己变强了一些。,0,682000,0
10253,4,你战胜了巨魔雕像，你感觉自己变强了一些。,0,687000,0
10254,4,你战胜了巨魔雕像，你感觉自己变强了一些。,0,692000,0
10255,4,你战胜了巨魔雕像，你感觉自己变强了一些。,0,697000,0
10256,4,你战胜了巨魔雕像，你感觉自己变强了一些。,0,702000,0
10257,4,你战胜了巨魔雕像，你感觉自己变强了一些。,0,707000,0
10258,4,你战胜了巨魔雕像，你感觉自己变强了一些。,0,712000,0
10259,4,你战胜了巨魔雕像，你感觉自己变强了一些。,0,717000,0
10260,4,你战胜了巨魔雕像，你感觉自己变强了一些。,0,722000,0
10261,4,你战胜了巨魔雕像，你感觉自己变强了一些。,0,727000,0
10262,4,你战胜了巨魔雕像，你感觉自己变强了一些。,0,732000,0
10263,4,你战胜了巨魔雕像，你感觉自己变强了一些。,0,737000,0
10264,4,你战胜了巨魔雕像，你感觉自己变强了一些。,0,742000,0
10265,4,你战胜了巨魔雕像，你感觉自己变强了一些。,0,747000,0
10266,4,你战胜了巨魔雕像，你感觉自己变强了一些。,0,752000,0
10267,4,你战胜了巨魔雕像，你感觉自己变强了一些。,0,757000,0
10268,4,你战胜了巨魔雕像，你感觉自己变强了一些。,0,762000,0
10269,4,你战胜了巨魔雕像，你感觉自己变强了一些。,0,767000,0
10270,4,你战胜了巨魔雕像，你感觉自己变强了一些。,0,772000,0
10271,4,你战胜了巨魔雕像，你感觉自己变强了一些。,0,777000,0
10272,4,你战胜了巨魔雕像，你感觉自己变强了一些。,0,782000,0
10273,4,你战胜了巨魔雕像，你感觉自己变强了一些。,0,787000,0
10274,4,你战胜了巨魔雕像，你感觉自己变强了一些。,0,792000,0
10275,4,你战胜了巨魔雕像，你感觉自己变强了一些。,0,797000,0
10276,4,你战胜了巨魔雕像，你感觉自己变强了一些。,0,802000,0
10277,4,你战胜了巨魔雕像，你感觉自己变强了一些。,0,807000,0
10278,4,你战胜了巨魔雕像，你感觉自己变强了一些。,0,812000,0
10279,4,你战胜了巨魔雕像，你感觉自己变强了一些。,0,817000,0
10280,4,你战胜了巨魔雕像，你感觉自己变强了一些。,0,822000,0
10281,4,你战胜了巨魔雕像，你感觉自己变强了一些。,0,827000,0
10282,4,你战胜了巨魔雕像，你感觉自己变强了一些。,0,832000,0
10283,4,你战胜了巨魔雕像，你感觉自己变强了一些。,0,837000,0
10284,4,你战胜了巨魔雕像，你感觉自己变强了一些。,0,842000,0
10285,4,你战胜了巨魔雕像，你感觉自己变强了一些。,0,847000,0
10286,4,你战胜了巨魔雕像，你感觉自己变强了一些。,0,852000,0
10287,4,你战胜了巨魔雕像，你感觉自己变强了一些。,0,857000,0
10288,4,你战胜了巨魔雕像，你感觉自己变强了一些。,0,862000,0
10289,4,你战胜了巨魔雕像，你感觉自己变强了一些。,0,867000,0
10290,4,你战胜了巨魔雕像，你感觉自己变强了一些。,0,872000,0
10291,4,你战胜了巨魔雕像，你感觉自己变强了一些。,0,877000,0
10292,4,你战胜了巨魔雕像，你感觉自己变强了一些。,0,882000,0
10293,4,你战胜了巨魔雕像，你感觉自己变强了一些。,0,887000,0
10294,4,你战胜了巨魔雕像，你感觉自己变强了一些。,0,892000,0
10295,4,你战胜了巨魔雕像，你感觉自己变强了一些。,0,897000,0
10296,4,你战胜了巨魔雕像，你感觉自己变强了一些。,0,902000,0
10297,4,你战胜了巨魔雕像，你感觉自己变强了一些。,0,907000,0
10298,4,你战胜了巨魔雕像，你感觉自己变强了一些。,0,912000,0
10299,4,你战胜了巨魔雕像，你感觉自己变强了一些。,0,917000,0
10300,4,你战胜了巨魔雕像，你感觉自己变强了一些。,0,922000,0
19997,0,,3,2,0
19998,0,,3,1,0
19999,4,你阅读了一部伟大的冒险传记。,0,1,0
20000,12,这把神器发出柔和的光芒，和你的灵魂产生了共鸣！,6,0,0
20001,12,这把神器发出柔和的光芒，和你的灵魂产生了共鸣！,7,0,0
20002,12,这把神器发出柔和的光芒，和你的灵魂产生了共鸣！,8,0,0
20003,12,这把神器发出柔和的光芒，和你的灵魂产生了共鸣！,9,0,0
20004,12,这把神器发出柔和的光芒，和你的灵魂产生了共鸣！,10,0,0
20005,12,这把神器发出柔和的光芒，和你的灵魂产生了共鸣！,11,0,0
20006,0,你经过艰难的努力终于获得了红水晶,112,1,0
20007,0,你经过艰难的努力终于获得了碧水晶,113,1,0
20008,0,你经过艰难的努力终于获得了紫水晶,115,1,0
20009,0,你经过艰难的努力终于获得了黄水晶,114,1,0
20010,2,你的成就被人们议论。,0,50,0
20011,2,你的成就被人们所认可。,0,200,0
20012,2,你的成就被人们传颂，声名远扬。,0,400,0
20101,1,你的采矿队为你带回了这些东西。真是辛苦啊！,101,7,10
20102,1,你的采矿队为你带回了这些东西。真是辛苦啊！,102,5,7
20103,1,你的采矿队为你带回了这些东西。真是辛苦啊！,108,1,3
20104,1,你的采矿队为你带回了这些东西。真是辛苦啊！,101,12,19
20105,1,你的采矿队为你带回了这些东西。真是辛苦啊！,102,9,12
20106,1,你的采矿队为你带回了这些东西。真是辛苦啊！,108,1,4
20107,1,你的采矿队为你带回了这些东西。真是辛苦啊！,101,22,31
20108,1,你的采矿队为你带回了这些东西。真是辛苦啊！,102,15,22
20109,1,你的采矿队为你带回了这些东西。真是辛苦啊！,108,2,5
20110,1,你的采矿队为你带回了这些东西。真是辛苦啊！,103,8,13
20111,1,你的采矿队为你带回了这些东西。真是辛苦啊！,109,0,2
20112,1,你的采矿队为你带回了这些东西。真是辛苦啊！,110,0,2
20113,1,你的采矿队为你带回了这些东西。真是辛苦啊！,103,11,16
20114,1,你的采矿队为你带回了这些东西。真是辛苦啊！,109,1,2
20115,1,你的采矿队为你带回了这些东西。真是辛苦啊！,110,0,3
20116,1,你的采矿队为你带回了这些东西。真是辛苦啊！,103,18,31
20117,1,你的采矿队为你带回了这些东西。真是辛苦啊！,109,1,3
20118,1,你的采矿队为你带回了这些东西。真是辛苦啊！,110,1,3
20119,1,你的采矿队为你带回了这些东西。真是辛苦啊！,104,6,13
20120,1,你的采矿队为你带回了这些东西。真是辛苦啊！,111,1,2
20121,1,你的采矿队为你带回了这些东西。真是辛苦啊！,106,0,2
20122,1,你的采矿队为你带回了这些东西。真是辛苦啊！,104,10,23
20123,1,你的采矿队为你带回了这些东西。真是辛苦啊！,111,1,3
20124,1,你的采矿队为你带回了这些东西。真是辛苦啊！,106,1,2
20125,1,你的采矿队为你带回了这些东西。真是辛苦啊！,104,22,43
20126,1,你的采矿队为你带回了这些东西。真是辛苦啊！,111,1,4
20127,1,你的采矿队为你带回了这些东西。真是辛苦啊！,106,1,3
20128,1,你的采矿队为你带回了这些东西。真是辛苦啊！,105,5,8
20129,1,你的采矿队为你带回了这些东西。真是辛苦啊！,106,0,2
20130,1,你的采矿队为你带回了这些东西。真是辛苦啊！,107,0,2
20131,1,你的采矿队为你带回了这些东西。真是辛苦啊！,105,5,11
20132,1,你的采矿队为你带回了这些东西。真是辛苦啊！,106,1,2
20133,1,你的采矿队为你带回了这些东西。真是辛苦啊！,107,0,2
20134,1,你的采矿队为你带回了这些东西。真是辛苦啊！,105,9,21
20135,1,你的采矿队为你带回了这些东西。真是辛苦啊！,106,1,3
20136,1,你的采矿队为你带回了这些东西。真是辛苦啊！,107,1,2
20301,0,你帮助了国王军，获得了应有的奖励。,3,1,0
20302,0,你帮助了国王军，获得了应有的奖励。,3,1,0
20303,0,你帮助了国王军，获得了应有的奖励。,3,1,0
20304,0,你帮助了国王军，获得了应有的奖励。,3,16,0
20305,0,你帮助了国王军，获得了应有的奖励。,3,24,0
20306,0,你帮助了国王军，获得了应有的奖励。,3,32,0
20307,0,你帮助了国王军，获得了应有的奖励。,5,1,0
20308,0,你帮助了国王军，获得了应有的奖励。,5,1,0
20309,0,你帮助了国王军，获得了应有的奖励。,5,1,0
20310,0,你帮助了国王军，获得了应有的奖励。,6,1,0
20311,0,你帮助了国王军，获得了应有的奖励。,6,1,0
20312,0,你帮助了国王军，获得了应有的奖励。,6,1,0
20313,0,你帮助了国王军，获得了应有的奖励。,2,10,0
20314,0,你帮助了国王军，获得了应有的奖励。,2,10,0
20315,0,你帮助了国王军，获得了应有的奖励。,2,10,0
20316,0,你帮助了国王军，获得了应有的奖励。,3,40,0
20317,0,你帮助了国王军，获得了应有的奖励。,3,48,0
30001,0,你领取了今天的签到奖励，明天的奖励更丰富哦！,101,60,0
30002,0,你领取了今天的签到奖励，明天的奖励更丰富哦！,102,50,0
30003,0,你领取了今天的签到奖励，明天的奖励更丰富哦！,103,50,0
30004,0,你领取了今天的签到奖励，明天的奖励更丰富哦！,108,6,0
30005,0,你领取了今天的签到奖励，明天的奖励更丰富哦！,109,6,0
30006,0,你领取了今天的签到奖励，明天的奖励更丰富哦！,104,30,0
30007,0,你领取了今天的签到奖励，明天的奖励更丰富哦！,110,6,0
30008,0,你领取了今天的签到奖励，明天的奖励更丰富哦！,106,5,0
30009,0,你领取了今天的签到奖励，明天的奖励更丰富哦！,105,50,0
30010,0,你领取了今天的签到奖励，明天的奖励更丰富哦！,111,6,0
30011,0,你领取了今天的签到奖励，明天的奖励更丰富哦！,107,2,0
30012,0,你领取了今天的签到奖励，明天的奖励更丰富哦！,3,150,0
30013,0,你领取了今天的签到奖励，明天的奖励更丰富哦！,3,200,0
30014,0,你领取了今天的签到奖励，明天的奖励更丰富哦！,3,300,0
30015,0,你领取了今天的签到奖励，明天的奖励更丰富哦！,200,10,0
30016,0,你领取了今天的签到奖励，明天的奖励更丰富哦！,2,200,0
30017,0,你领取了今天的签到奖励，明天的奖励更丰富哦！,2,250,0
30018,0,你领取了今天的签到奖励，明天的奖励更丰富哦！,5,1,0
30019,0,你领取了今天的签到奖励，明天的奖励更丰富哦！,5,2,0
30020,0,你领取了今天的签到奖励，明天的奖励更丰富哦！,5,3,0
30021,0,你领取了今天的签到奖励，明天的奖励更丰富哦！,1,3000000,0
30022,0,你领取了今天的签到奖励，明天的奖励更丰富哦！,1,4000000,0
30023,0,你领取了今天的签到奖励，明天的奖励更丰富哦！,1,5000000,0
30024,0,你领取了今天的签到奖励，明天的奖励更丰富哦！,1,6000000,0
30025,0,你领取了今天的签到奖励，明天的奖励更丰富哦！,1,7000000,0
40001,0,月卡拿好~,2,100,0
40002,0,充值成功，额外获得5000血钻！,2,5000,0
40003,0,充值成功，额外获得6480血钻！,2,6480,0
40004,0,充值成功，额外获得1200血钻！,2,1200,0
40005,0,充值成功，额外获得500血钻！,2,500,0
40006,0,充值成功，额外获得1980血钻！,2,1980,0
40007,0,充值成功，额外获得200血钻！,2,200,0
40008,0,充值成功，额外获得80血钻！,2,80,0
40009,0,充值成功，额外获得15血钻！,2,15,0
40010,0,闪闪发亮的卡~,2,100,0
40201,6,你获得了首充奖励！,10043,0,0
40202,0,你获得了首充奖励！,1,20000,0
40203,0,你获得了首充奖励！,5,3,0
40204,0,你获得了首充奖励！,6,10,0
40205,0,你获得了首充奖励！,301,2,0
40206,0,你获得了首充奖励！,303,2,0
40207,0,你获得了首充奖励！,101,30,0
40208,0,你获得了首充奖励！,102,30,0
40209,0,你获得了首充奖励！,103,30,0
40210,0,你获得了首充奖励！,104,2,0
40211,0,你获得了首充奖励！,109,2,0
40212,0,你获得了首充奖励！,110,2,0
40213,0,你获得了首充奖励！,107,1,0
40221,0,你获得了激活码礼包奖励。,2,30,0
40222,0,你获得了激活码礼包奖励。,205,1,0
40223,0,你获得了激活码礼包奖励。,202,2,0
40224,0,你获得了激活码礼包奖励。,2,50,0
40225,0,你获得了激活码礼包奖励。,2,80,0
40226,0,你获得了激活码礼包奖励。,2,100,0
40227,0,你获得了激活码礼包奖励。,2,200,0
40228,0,你获得了激活码礼包奖励。,2,300,0
40229,0,你获得了激活码礼包奖励。,2,400,0
40230,0,你获得了激活码礼包奖励。,2,500,0
40231,0,你获得了激活码礼包奖励。,2,600,0
40232,0,你获得了激活码礼包奖励。,2,700,0
40233,0,你获得了激活码礼包奖励。,2,800,0
40234,0,你获得了激活码礼包奖励。,2,1000,0
40235,0,你获得了激活码礼包奖励。,2,120,0
40236,3,你获得了激活码礼包奖励。,1271,1,0
40237,3,你获得了激活码礼包奖励。,1210,1,0
40238,0,你获得了激活码礼包奖励。,6,1,0
40239,0,你获得了激活码礼包奖励。,2,200,0
40240,0,你获得了激活码礼包奖励。,1,50000,0
40241,0,你获得了激活码礼包奖励。,5,1,0
40242,0,你获得了激活码礼包奖励。,205,1,0
40243,0,你获得了激活码礼包奖励。,301,2,0
40244,0,你获得了激活码礼包奖励。,302,2,0
40245,3,你获得了激活码礼包奖励。,1271,1,0
40246,3,你获得了激活码礼包奖励。,1271,1,0
40247,3,你获得了激活码礼包奖励。,1271,1,0
40248,3,你获得了激活码礼包奖励。,1271,1,0
40249,3,你获得了激活码礼包奖励。,1271,1,0
40250,3,你获得了激活码礼包奖励。,1271,1,0
40251,3,你获得了激活码礼包奖励。,1271,1,0
40252,3,你获得了激活码礼包奖励。,1271,1,0
40253,3,你获得了激活码礼包奖励。,1271,1,0
40254,3,你获得了激活码礼包奖励。,1271,1,0
40255,3,你获得了激活码礼包奖励。,1271,1,0
40256,0,你获得了激活码礼包奖励。,1,20000,0
40257,0,你获得了激活码礼包奖励。,303,1,0
40258,0,你获得了激活码礼包奖励。,303,1,0
40259,0,你获得了激活码礼包奖励。,303,1,0
40260,0,你获得了激活码礼包奖励。,301,1,0
40261,0,你获得了激活码礼包奖励。,3,80,0
40262,3,你获得了激活码礼包奖励。,1202,2,0
40263,0,你获得了激活码礼包奖励。,1,20000,0
40264,0,你获得了激活码礼包奖励。,205,1,0
40265,0,你获得了激活码礼包奖励。,6,4,0
40266,0,你获得了激活码礼包奖励。,1,40000,0
40267,0,你获得了激活码礼包奖励。,6,2,0
40268,0,你获得了激活码礼包奖励。,1,20000,0
40269,0,你获得了激活码礼包奖励。,1,20000,0
40270,0,你获得了激活码礼包奖励。,6,2,0
40271,0,你获得了激活码礼包奖励。,5,1,0
40272,0,你获得了激活码礼包奖励。,5,1,0
40273,0,你获得了激活码礼包奖励。,302,1,0
40274,0,你获得了激活码礼包奖励。,303,1,0
40275,0,你获得了激活码礼包奖励。,6,2,0
40276,3,你获得了激活码礼包奖励。,1202,2,0
40277,0,你获得了激活码礼包奖励。,3,40,0
40278,0,你获得了激活码礼包奖励。,3,40,0
40279,0,你获得了激活码礼包奖励。,6,2,0
40280,0,你获得了激活码礼包奖励。,1,50000,0
40281,0,你获得了激活码礼包奖励。,1,50000,0
40282,0,你获得了激活码礼包奖励。,1,50000,0
40283,0,你获得了激活码礼包奖励。,1,50000,0
40284,0,你获得了激活码礼包奖励。,205,1,0
40285,0,你获得了激活码礼包奖励。,205,1,0
40286,0,你获得了激活码礼包奖励。,205,1,0
40287,0,你获得了激活码礼包奖励。,205,1,0
40288,3,你获得了激活码礼包奖励。,1210,1,0
40289,3,你获得了激活码礼包奖励。,1210,1,0
40290,0,你获得了激活码礼包奖励。,6,2,0
40291,0,你获得了激活码礼包奖励。,1,20000,0
40292,0,你获得了激活码礼包奖励。,1,20000,0
40293,0,你获得了激活码礼包奖励。,303,1,0
40294,0,你获得了激活码礼包奖励。,301,1,0
40295,0,你获得了激活码礼包奖励。,5,1,0
40296,3,你获得了激活码礼包奖励。,1210,1,0
40297,0,你获得了激活码礼包奖励。,3,40,0
40298,0,你获得了激活码礼包奖励。,6,2,0
40299,0,你获得了激活码礼包奖励。,302,1,0
40300,0,你获得了激活码礼包奖励。,303,1,0
40301,0,你获得了激活码礼包奖励。,1,50000,0
40302,0,你获得了激活码礼包奖励。,1,50000,0
40303,0,你获得了激活码礼包奖励。,1,50000,0
40304,3,你获得了激活码礼包奖励。,1210,1,0
40305,0,你获得了激活码礼包奖励。,205,1,0
40306,0,你获得了激活码礼包奖励。,1,20000,0
40307,3,你获得了激活码礼包奖励。,1271,1,0
40308,3,你获得了激活码礼包奖励。,1271,1,0
40309,3,你获得了激活码礼包奖励。,1271,1,0
40310,3,你获得了激活码礼包奖励。,1271,1,0
40311,3,你获得了激活码礼包奖励。,1271,1,0
40312,0,你获得了激活码礼包奖励。,2,50,0
40313,0,你获得了激活码礼包奖励。,2,500,0
40314,0,你获得了激活码礼包奖励。,5,1,0
40315,0,你获得了激活码礼包奖励。,1,2000000,0
40316,0,你获得了激活码礼包奖励。,5,3,0
40317,0,你获得了激活码礼包奖励。,3,500,0
40318,0,你获得了激活码礼包奖励。,108,2,0
40319,0,你获得了激活码礼包奖励。,3,1000,0
40320,0,你获得了激活码礼包奖励。,1,2000000,0
40321,0,你获得了激活码礼包奖励。,1,10000000,0
40322,3,你获得了激活码礼包奖励。,1210,2,0
40323,3,你获得了激活码礼包奖励。,1271,1,0
40324,3,你获得了激活码礼包奖励。,1271,1,0
40325,3,你获得了激活码礼包奖励。,1271,1,0
40326,3,你获得了激活码礼包奖励。,1271,1,0
40327,3,你获得了激活码礼包奖励。,1271,1,0
40328,3,你获得了激活码礼包奖励。,1271,1,0
40329,3,你获得了激活码礼包奖励。,1271,1,0
40330,3,你获得了激活码礼包奖励。,1271,1,0
40331,3,你获得了激活码礼包奖励。,1271,1,0
40332,3,你获得了激活码礼包奖励。,1271,1,0
40333,0,你获得了激活码礼包奖励。,1,20000,0
40334,0,你获得了激活码礼包奖励。,303,1,0
40335,0,你获得了激活码礼包奖励。,301,1,0
40336,0,你获得了激活码礼包奖励。,3,80,0
40337,3,你获得了激活码礼包奖励。,1202,1,0
40338,0,你获得了激活码礼包奖励。,1,40000,0
40339,0,你获得了激活码礼包奖励。,6,2,0
40340,0,你获得了激活码礼包奖励。,1,20000,0
40341,0,你获得了激活码礼包奖励。,6,4,0
40342,0,你获得了激活码礼包奖励。,1,20000,0
40343,0,你获得了激活码礼包奖励。,205,1,0
40344,0,你获得了激活码礼包奖励。,6,2,0
40345,0,你获得了激活码礼包奖励。,302,1,0
40346,0,你获得了激活码礼包奖励。,303,1,0
40347,0,你获得了激活码礼包奖励。,6,2,0
40348,0,你获得了激活码礼包奖励。,3,40,0
40349,0,你获得了激活码礼包奖励。,3,40,0
40350,3,你获得了激活码礼包奖励。,1202,2,0
40351,0,你获得了激活码礼包奖励。,1,50000,0
40352,0,你获得了激活码礼包奖励。,1,50000,0
40353,0,你获得了激活码礼包奖励。,205,1,0
40354,0,你获得了激活码礼包奖励。,205,1,0
40355,3,你获得了勇者大礼包奖励。,1272,1,0
40356,0,你获得了勇者大礼包奖励。,3,1000,0
40357,0,你获得了勇者大礼包奖励。,301,1,0
40358,0,你获得了勇者大礼包奖励。,303,1,0
40359,0,你获得了勇者大礼包奖励。,302,1,0
40360,0,你获得了勇者大礼包奖励。,1,10000,0
40361,0,你获得了勇者大礼包奖励。,205,2,0
40362,0,你获得了勇者大礼包奖励。,6,1,0
40363,0,你获得了勇者大礼包奖励。,17,1,0
40364,0,你获得了勇者大礼包奖励。,8,1,0
40365,3,你获得了勇者大礼包奖励。,1203,5,0
40401,4,"你经过一片空地,一尊古老的神像为了得到你的保护，答应传授你一些远古的魔法。",0,60,0
40402,4,"你发现了一片茂密的丛林,一名女巫给你带来了幸运和经验。",0,80,0
40403,4,"你经过一片茂密的丛林,一尊古老的神像告诉你，你的英雄可以在这里获得指导。",0,100,0
40404,4,"你经过一间奇异的小屋,一尊古老的神像不知出于何种目的传授了你一些技能。",0,120,0
40405,4,"你探索了一间奇异的小屋,一位学者告诉你，你的英雄可以在这里获得指导。",0,140,0
40406,4,你经过一间魔法学院一尊古老的神像答应在离开前教你一些东西。,0,160,0
40407,4,"你探索了一座远古神殿,世界之树不知出于何种目的传授了你一些技能。",0,180,0
40408,4,"你经过一片神殿的遗迹,一位学者给你带来了幸运和经验。",0,200,0
40409,4,"你经过一座远古神殿,一位学者给你带来了幸运和经验。",0,220,0
40410,4,你经过一间魔法学院一位魔法师答应在离开前教你一些东西。,0,240,0
40411,4,"你发现了一间奇异的小屋,一位魔法师答应在离开前教你一些东西。",0,260,0
40412,4,你来到一间魔法学院一位魔法师给你带来了幸运和经验。,0,280,0
40413,4,"你发现了一片空地,一位魔法师给你带来了幸运和经验。",0,300,0
40414,4,"你经过一片空地,一位魔法师把多年积累的知识传授给你。",0,350,0
40415,4,"你经过一片茂密的丛林,一名女巫把多年积累的知识传授给你。",0,400,0
40416,4,"你发现了一片空地,一名女巫不知出于何种目的传授了你一些技能。",0,450,0
40417,4,"你发现了一片神殿的遗迹,一名女巫为了得到你的保护，答应传授你一些远古的魔法。",0,500,0
40418,4,"你探索了一片神殿的遗迹,一位管理员把多年积累的知识传授给你。",0,550,0
40419,4,"你来到一间奇异的小屋,一位管理员不知出于何种目的传授了你一些技能。",0,600,0
40420,4,"你探索了一片空地,一尊古老的神像不知出于何种目的传授了你一些技能。",0,800,0
40421,4,你经过一间魔法学院一名女巫把多年积累的知识传授给你。,0,900,0
40422,4,"你经过一座远古神殿,一名女巫给你带来了幸运和经验。",0,1000,0
40423,4,"你发现了一座远古神殿,世界之树不知出于何种目的传授了你一些技能。",0,1100,0
40424,4,"你来到一片神殿的遗迹,一位学者告诉你，你的英雄可以在这里获得指导。",0,1200,0
40425,4,你经过一间魔法学院一尊古老的神像为了得到你的保护，答应传授你一些远古的魔法。,0,1300,0
40426,4,你来到一间魔法学院一位学者答应在离开前教你一些东西。,0,1400,0
40427,4,"你探索了一间奇异的小屋,一位魔法师为了得到你的保护，答应传授你一些远古的魔法。",0,1500,0
40428,4,"你探索了一间奇异的小屋,世界之树给你带来了幸运和经验。",0,1600,0
40429,4,"你发现了一片神殿的遗迹,一位学者给你带来了幸运和经验。",0,2100,0
40430,4,"你探索了一片茂密的丛林,一位管理员不知出于何种目的传授了你一些技能。",0,2400,0
40431,4,"你探索了一片茂密的丛林,一位学者为了得到你的保护，答应传授你一些远古的魔法。",0,2700,0
40432,4,"你探索了一片空地,一名女巫把多年积累的知识传授给你。",0,3000,0
40433,4,"你探索了一片空地,一名女巫给你带来了幸运和经验。",0,3300,0
40434,4,你来到一间魔法学院一尊古老的神像答应在离开前教你一些东西。,0,3600,0
40435,4,"你来到一间奇异的小屋,一尊古老的神像不知出于何种目的传授了你一些技能。",0,3900,0
40436,4,"你探索了一片茂密的丛林,一位魔法师不知出于何种目的传授了你一些技能。",0,4200,0
40437,4,"你发现了一座远古神殿,一尊古老的神像为了得到你的保护，答应传授你一些远古的魔法。",0,4500,0
40438,4,你经过一间魔法学院一位学者为了得到你的保护，答应传授你一些远古的魔法。,0,4800,0
40439,4,"你来到一片茂密的丛林,世界之树答应在离开前教你一些东西。",0,5100,0
40440,4,"你来到一片空地,一位管理员把多年积累的知识传授给你。",0,5400,0
40441,4,你经过一间魔法学院一位魔法师把多年积累的知识传授给你。,0,5700,0
40442,4,"你探索了一片神殿的遗迹,世界之树告诉你，你的英雄可以在这里获得指导。",0,6600,0
40443,4,"你经过一座远古神殿,一尊古老的神像答应在离开前教你一些东西。",0,7100,0
40444,4,你来到一间魔法学院世界之树给你带来了幸运和经验。,0,7600,0
40445,4,你探索了一间魔法学院一位管理员告诉你，你的英雄可以在这里获得指导。,0,8100,0
40446,4,"你探索了一间奇异的小屋,世界之树为了得到你的保护，答应传授你一些远古的魔法。",0,8600,0
40447,4,"你发现了一片神殿的遗迹,世界之树告诉你，你的英雄可以在这里获得指导。",0,9100,0
40448,4,"你来到一片茂密的丛林,一位魔法师为了得到你的保护，答应传授你一些远古的魔法。",0,9600,0
40449,4,"你来到一片神殿的遗迹,世界之树为了得到你的保护，答应传授你一些远古的魔法。",0,10100,0
40450,4,你探索了一间魔法学院一位魔法师答应在离开前教你一些东西。,0,10600,0
40451,4,你经过一间魔法学院一尊古老的神像告诉你，你的英雄可以在这里获得指导。,0,11100,0
40452,4,"你发现了一座远古神殿,一位魔法师告诉你，你的英雄可以在这里获得指导。",0,11600,0
40453,4,"你经过一座远古神殿,世界之树为了得到你的保护，答应传授你一些远古的魔法。",0,12100,0
40454,4,"你探索了一间奇异的小屋,世界之树答应在离开前教你一些东西。",0,12600,0
40455,4,"你探索了一片茂密的丛林,一位管理员给你带来了幸运和经验。",0,13100,0
40456,4,"你探索了一座远古神殿,一尊古老的神像把多年积累的知识传授给你。",0,13600,0
40457,4,你探索了一间魔法学院一位魔法师为了得到你的保护，答应传授你一些远古的魔法。,0,14100,0
40458,4,"你来到一片神殿的遗迹,一位学者把多年积累的知识传授给你。",0,14600,0
40459,4,"你探索了一座远古神殿,一位管理员告诉你，你的英雄可以在这里获得指导。",0,15100,0
40460,4,"你探索了一片空地,一尊古老的神像告诉你，你的英雄可以在这里获得指导。",0,15600,0
40461,4,"你发现了一片茂密的丛林,一位学者不知出于何种目的传授了你一些技能。",0,16100,0
40462,4,"你探索了一间奇异的小屋,一位管理员给你带来了幸运和经验。",0,16600,0
40463,4,"你来到一片茂密的丛林,一位学者给你带来了幸运和经验。",0,17100,0
40464,4,"你发现了一间奇异的小屋,一位魔法师为了得到你的保护，答应传授你一些远古的魔法。",0,17600,0
40465,4,"你经过一座远古神殿,一位魔法师为了得到你的保护，答应传授你一些远古的魔法。",0,18100,0
40466,4,你来到一间魔法学院一名女巫把多年积累的知识传授给你。,0,18600,0
40467,4,你经过一间魔法学院一位管理员不知出于何种目的传授了你一些技能。,0,19100,0
40468,4,"你经过一间奇异的小屋,一尊古老的神像答应在离开前教你一些东西。",0,19600,0
40469,4,"你经过一片神殿的遗迹,世界之树为了得到你的保护，答应传授你一些远古的魔法。",0,20100,0
40470,4,"你探索了一片神殿的遗迹,一名女巫不知出于何种目的传授了你一些技能。",0,20600,0
40471,4,"你发现了一片空地,一位学者答应在离开前教你一些东西。",0,21100,0
40472,4,你发现了一间魔法学院一位魔法师给你带来了幸运和经验。,0,21600,0
40473,4,"你来到一座远古神殿,一位学者告诉你，你的英雄可以在这里获得指导。",0,22100,0
40474,4,"你经过一间奇异的小屋,一位魔法师不知出于何种目的传授了你一些技能。",0,22600,0
40475,4,"你发现了一片神殿的遗迹,一位管理员答应在离开前教你一些东西。",0,23100,0
40476,4,"你来到一座远古神殿,一位管理员把多年积累的知识传授给你。",0,23600,0
40477,4,"你探索了一片空地,一位学者答应在离开前教你一些东西。",0,24100,0
40478,4,"你来到一座远古神殿,一位学者为了得到你的保护，答应传授你一些远古的魔法。",0,24600,0
40479,4,"你探索了一座远古神殿,一位管理员给你带来了幸运和经验。",0,25100,0
40480,4,"你来到一间奇异的小屋,世界之树给你带来了幸运和经验。",0,25600,0
40481,4,"你探索了一片神殿的遗迹,一位学者不知出于何种目的传授了你一些技能。",0,26100,0
40482,4,"你发现了一间奇异的小屋,一位学者不知出于何种目的传授了你一些技能。",0,26600,0
40483,4,"你探索了一片神殿的遗迹,世界之树给你带来了幸运和经验。",0,27100,0
40484,4,"你发现了一片茂密的丛林,一位管理员答应在离开前教你一些东西。",0,27600,0
40485,4,你经过一间魔法学院世界之树为了得到你的保护，答应传授你一些远古的魔法。,0,28100,0
40486,4,"你来到一片茂密的丛林,一位学者答应在离开前教你一些东西。",0,28600,0
40487,4,"你探索了一片神殿的遗迹,一名女巫告诉你，你的英雄可以在这里获得指导。",0,29100,0
40488,4,"你发现了一间奇异的小屋,一尊古老的神像把多年积累的知识传授给你。",0,29600,0
40489,4,"你探索了一片神殿的遗迹,一名女巫为了得到你的保护，答应传授你一些远古的魔法。",0,30100,0
40490,4,"你经过一片神殿的遗迹,一位管理员把多年积累的知识传授给你。",0,30600,0
40491,4,"你来到一片空地,一尊古老的神像不知出于何种目的传授了你一些技能。",0,31100,0
40492,4,"你经过一片茂密的丛林,一位学者告诉你，你的英雄可以在这里获得指导。",0,31600,0
40493,4,"你经过一片空地,一尊古老的神像不知出于何种目的传授了你一些技能。",0,32100,0
40494,4,你来到一间魔法学院一位管理员告诉你，你的英雄可以在这里获得指导。,0,32600,0
40495,4,"你经过一片神殿的遗迹,世界之树告诉你，你的英雄可以在这里获得指导。",0,33100,0
40496,4,"你发现了一座远古神殿,一尊古老的神像答应在离开前教你一些东西。",0,33600,0
40497,4,"你发现了一片茂密的丛林,一位魔法师不知出于何种目的传授了你一些技能。",0,34100,0
40498,4,"你发现了一片神殿的遗迹,一位魔法师不知出于何种目的传授了你一些技能。",0,34600,0
40499,4,"你经过一片空地,一位管理员给你带来了幸运和经验。",0,35100,0
40500,4,"你来到一片空地,一位魔法师把多年积累的知识传授给你。",0,35600,0
40501,4,"你探索了一座远古神殿,世界之树给你带来了幸运和经验。",0,36100,0
40502,4,"你经过一间奇异的小屋,世界之树不知出于何种目的传授了你一些技能。",0,36600,0
40503,4,"你发现了一座远古神殿,一位学者告诉你，你的英雄可以在这里获得指导。",0,37100,0
40504,4,"你经过一片空地,一位魔法师告诉你，你的英雄可以在这里获得指导。",0,37600,0
40505,4,"你发现了一间奇异的小屋,一位学者给你带来了幸运和经验。",0,38100,0
40506,4,"你经过一片神殿的遗迹,一位魔法师不知出于何种目的传授了你一些技能。",0,38600,0
40507,4,你发现了一间魔法学院一位管理员把多年积累的知识传授给你。,0,39100,0
40508,4,你经过一间魔法学院一位学者给你带来了幸运和经验。,0,39600,0
40509,4,你发现了一间魔法学院世界之树把多年积累的知识传授给你。,0,40100,0
40510,4,"你发现了一座远古神殿,一位学者给你带来了幸运和经验。",0,40600,0
40511,4,"你来到一片空地,世界之树为了得到你的保护，答应传授你一些远古的魔法。",0,41100,0
40512,4,"你探索了一间奇异的小屋,一尊古老的神像不知出于何种目的传授了你一些技能。",0,41600,0
40513,4,"你发现了一座远古神殿,一尊古老的神像把多年积累的知识传授给你。",0,42100,0
40514,4,"你探索了一座远古神殿,一尊古老的神像给你带来了幸运和经验。",0,42600,0
40515,4,"你探索了一片茂密的丛林,一位学者把多年积累的知识传授给你。",0,43100,0
40516,4,你发现了一间魔法学院一位魔法师把多年积累的知识传授给你。,0,43600,0
40517,4,"你发现了一片神殿的遗迹,一位管理员把多年积累的知识传授给你。",0,44100,0
40518,4,"你经过一间奇异的小屋,一尊古老的神像把多年积累的知识传授给你。",0,44600,0
40519,4,"你经过一片空地,一名女巫把多年积累的知识传授给你。",0,45100,0
40520,4,"你经过一片神殿的遗迹,一名女巫不知出于何种目的传授了你一些技能。",0,45600,0
40521,4,"你探索了一片神殿的遗迹,一尊古老的神像不知出于何种目的传授了你一些技能。",0,46100,0
40522,4,"你来到一片空地,一位管理员告诉你，你的英雄可以在这里获得指导。",0,46600,0
40523,4,你发现了一间魔法学院一位管理员答应在离开前教你一些东西。,0,47100,0
40524,4,"你发现了一间奇异的小屋,世界之树答应在离开前教你一些东西。",0,47600,0
40525,4,"你探索了一座远古神殿,一位魔法师告诉你，你的英雄可以在这里获得指导。",0,48100,0
40526,4,"你探索了一片茂密的丛林,一尊古老的神像不知出于何种目的传授了你一些技能。",0,48600,0
40527,4,你探索了一间魔法学院一尊古老的神像不知出于何种目的传授了你一些技能。,0,49100,0
40528,4,"你探索了一片神殿的遗迹,世界之树答应在离开前教你一些东西。",0,49600,0
40529,4,"你探索了一片神殿的遗迹,一位魔法师给你带来了幸运和经验。",0,50100,0
40530,4,"你经过一片神殿的遗迹,一尊古老的神像把多年积累的知识传授给你。",0,50600,0
40531,4,"你经过一间奇异的小屋,一位魔法师为了得到你的保护，答应传授你一些远古的魔法。",0,51100,0
40532,4,"你经过一间奇异的小屋,一位魔法师给你带来了幸运和经验。",0,51600,0
40533,4,"你来到一片神殿的遗迹,一位管理员把多年积累的知识传授给你。",0,52100,0
40534,4,"你经过一片茂密的丛林,一名女巫给你带来了幸运和经验。",0,52600,0
40535,4,"你经过一座远古神殿,一位魔法师答应在离开前教你一些东西。",0,53100,0
40536,4,"你探索了一间奇异的小屋,一位管理员为了得到你的保护，答应传授你一些远古的魔法。",0,53600,0
40537,4,"你发现了一片空地,世界之树答应在离开前教你一些东西。",0,54100,0
40538,4,"你发现了一片茂密的丛林,一尊古老的神像不知出于何种目的传授了你一些技能。",0,54600,0
40539,4,"你发现了一片茂密的丛林,一位魔法师答应在离开前教你一些东西。",0,55100,0
40540,4,你发现了一间魔法学院世界之树给你带来了幸运和经验。,0,55600,0
40541,4,"你发现了一片空地,一位学者告诉你，你的英雄可以在这里获得指导。",0,56100,0
40542,4,"你发现了一间奇异的小屋,一位管理员把多年积累的知识传授给你。",0,56600,0
40543,4,你经过一间魔法学院世界之树告诉你，你的英雄可以在这里获得指导。,0,57100,0
40544,4,"你发现了一片神殿的遗迹,世界之树不知出于何种目的传授了你一些技能。",0,57600,0
40545,4,你发现了一间魔法学院一名女巫告诉你，你的英雄可以在这里获得指导。,0,58100,0
40546,4,"你探索了一间奇异的小屋,一名女巫给你带来了幸运和经验。",0,58600,0
40547,4,你发现了一间魔法学院一位管理员告诉你，你的英雄可以在这里获得指导。,0,59100,0
40548,4,"你经过一座远古神殿,世界之树给你带来了幸运和经验。",0,59600,0
40549,4,"你来到一片空地,一尊古老的神像为了得到你的保护，答应传授你一些远古的魔法。",0,60100,0
40550,4,"你探索了一片茂密的丛林,一位学者不知出于何种目的传授了你一些技能。",0,60600,0
40551,4,"你发现了一片空地,一位管理员为了得到你的保护，答应传授你一些远古的魔法。",0,61100,0
40552,4,"你来到一片空地,世界之树给你带来了幸运和经验。",0,61600,0
40553,4,"你发现了一座远古神殿,一位魔法师答应在离开前教你一些东西。",0,62100,0
40554,4,"你发现了一座远古神殿,一位管理员给你带来了幸运和经验。",0,62600,0
40555,4,"你来到一片茂密的丛林,世界之树给你带来了幸运和经验。",0,63100,0
40556,4,"你探索了一片茂密的丛林,一名女巫告诉你，你的英雄可以在这里获得指导。",0,63600,0
40557,4,你来到一间魔法学院一名女巫不知出于何种目的传授了你一些技能。,0,64100,0
40558,4,"你经过一片茂密的丛林,一位学者把多年积累的知识传授给你。",0,64600,0
40559,4,"你发现了一片茂密的丛林,世界之树不知出于何种目的传授了你一些技能。",0,65100,0
40560,4,"你经过一片空地,一名女巫答应在离开前教你一些东西。",0,65600,0
40561,4,"你探索了一座远古神殿,一位管理员为了得到你的保护，答应传授你一些远古的魔法。",0,66100,0
40562,4,"你经过一片茂密的丛林,一名女巫告诉你，你的英雄可以在这里获得指导。",0,66600,0
40563,4,"你发现了一片神殿的遗迹,一位魔法师答应在离开前教你一些东西。",0,67100,0
40564,4,"你发现了一片空地,一名女巫告诉你，你的英雄可以在这里获得指导。",0,67600,0
40565,4,你发现了一间魔法学院一位学者把多年积累的知识传授给你。,0,68100,0
40566,4,你经过一间魔法学院一名女巫告诉你，你的英雄可以在这里获得指导。,0,68600,0
40567,4,"你来到一间奇异的小屋,一位管理员告诉你，你的英雄可以在这里获得指导。",0,69100,0
40568,4,"你经过一片茂密的丛林,一位管理员把多年积累的知识传授给你。",0,69600,0
40569,4,"你经过一间奇异的小屋,一尊古老的神像告诉你，你的英雄可以在这里获得指导。",0,70100,0
40570,4,你发现了一间魔法学院一尊古老的神像不知出于何种目的传授了你一些技能。,0,70600,0
40571,4,你经过一间魔法学院一位管理员把多年积累的知识传授给你。,0,71100,0
40572,4,"你经过一片茂密的丛林,一位魔法师告诉你，你的英雄可以在这里获得指导。",0,71600,0
40573,4,"你来到一片神殿的遗迹,一名女巫把多年积累的知识传授给你。",0,72100,0
40574,4,"你发现了一片神殿的遗迹,一名女巫答应在离开前教你一些东西。",0,72600,0
40575,4,你经过一间魔法学院一尊古老的神像不知出于何种目的传授了你一些技能。,0,73100,0
40576,4,"你来到一片空地,一位学者为了得到你的保护，答应传授你一些远古的魔法。",0,73600,0
40577,4,"你发现了一片空地,一位魔法师答应在离开前教你一些东西。",0,74100,0
40578,4,你来到一间魔法学院一位魔法师为了得到你的保护，答应传授你一些远古的魔法。,0,74600,0
40579,4,"你探索了一片神殿的遗迹,一位管理员为了得到你的保护，答应传授你一些远古的魔法。",0,75100,0
40580,4,"你来到一间奇异的小屋,一位管理员给你带来了幸运和经验。",0,75600,0
40581,4,"你发现了一座远古神殿,一位管理员给你带来了幸运和经验。",0,76600,0
40582,4,"你来到一片茂密的丛林,世界之树给你带来了幸运和经验。",0,78600,0
40583,4,"你探索了一片茂密的丛林,一名女巫告诉你，你的英雄可以在这里获得指导。",0,79600,0
40584,4,你来到一间魔法学院一名女巫不知出于何种目的传授了你一些技能。,0,81600,0
40585,4,"你经过一片茂密的丛林,一位学者把多年积累的知识传授给你。",0,82600,0
40586,4,"你发现了一片茂密的丛林,世界之树不知出于何种目的传授了你一些技能。",0,84600,0
40587,4,"你经过一片空地,一名女巫答应在离开前教你一些东西。",0,85600,0
40588,4,"你探索了一座远古神殿,一位管理员为了得到你的保护，答应传授你一些远古的魔法。",0,87600,0
40589,4,"你经过一片茂密的丛林,一名女巫告诉你，你的英雄可以在这里获得指导。",0,88600,0
40590,4,"你发现了一片神殿的遗迹,一位魔法师答应在离开前教你一些东西。",0,90600,0
40591,4,"你发现了一片空地,一名女巫告诉你，你的英雄可以在这里获得指导。",0,91600,0
40592,4,你发现了一间魔法学院一位学者把多年积累的知识传授给你。,0,93600,0
40593,4,你经过一间魔法学院一名女巫告诉你，你的英雄可以在这里获得指导。,0,94600,0
40594,4,"你来到一间奇异的小屋,一位管理员告诉你，你的英雄可以在这里获得指导。",0,96600,0
40595,4,"你经过一片茂密的丛林,一位管理员把多年积累的知识传授给你。",0,97600,0
40596,4,"你经过一间奇异的小屋,一尊古老的神像告诉你，你的英雄可以在这里获得指导。",0,99600,0
40597,4,你发现了一间魔法学院一尊古老的神像不知出于何种目的传授了你一些技能。,0,100600,0
40598,4,你经过一间魔法学院一位管理员把多年积累的知识传授给你。,0,102600,0
40599,4,"你经过一片茂密的丛林,一位魔法师告诉你，你的英雄可以在这里获得指导。",0,103600,0
40600,4,"你来到一片神殿的遗迹,一名女巫把多年积累的知识传授给你。",0,105600,0
40601,4,"你发现了一片神殿的遗迹,一名女巫答应在离开前教你一些东西。",0,106600,0
40602,4,你经过一间魔法学院一尊古老的神像不知出于何种目的传授了你一些技能。,0,108600,0
40603,4,"你来到一片空地,一位学者为了得到你的保护，答应传授你一些远古的魔法。",0,109600,0
40604,4,"你发现了一片空地,一位魔法师答应在离开前教你一些东西。",0,111600,0
40605,4,你来到一间魔法学院一位魔法师为了得到你的保护，答应传授你一些远古的魔法。,0,112600,0
40606,4,你发现了一间魔法学院一位管理员告诉你，你的英雄可以在这里获得指导。,0,114600,0
40607,4,"你经过一座远古神殿,世界之树给你带来了幸运和经验。",0,115600,0
40608,4,"你来到一片空地,一尊古老的神像为了得到你的保护，答应传授你一些远古的魔法。",0,117600,0
40609,4,"你探索了一片茂密的丛林,一位学者不知出于何种目的传授了你一些技能。",0,118600,0
40610,4,"你发现了一片空地,一位管理员为了得到你的保护，答应传授你一些远古的魔法。",0,120600,0
41401,0,你经过一个巨龙的巢穴，翻出了一袋隐藏着的金币。,1,80,0
41402,0,"你在一座远古神殿,搜索后得到无名冒险者的遗产。",1,90,0
41403,0,"你在一片神殿的遗迹,发现了一堆华丽的珠宝。",1,100,0
41404,0,"你经过一间奇异的小屋,获得了一个华丽的宝箱。",1,110,0
41405,0,"你经过一座远古神殿,搜索后得到迷路的妖精遗留的钱袋。",1,120,0
41406,0,"你经过一间奇异的小屋,发现了一堆华丽的珠宝。",1,130,0
41407,0,"你探索了一间奇异的小屋,发现了迷路的妖精遗留的钱袋。",1,140,0
41408,0,你在一个巨龙的巢穴，获得了一个华丽的宝箱。,1,160,0
41409,0,"你探索了一座远古神殿,搜索后得到一个朴素的箱子。",1,180,0
41410,0,"你探索了一间奇异的小屋,获得了一个朴素的箱子。",1,200,0
41411,0,"你经过一片神殿的遗迹,获得了一堆华丽的珠宝。",1,250,0
41412,0,"你在一片神殿的遗迹,获得了一个华丽的宝箱。",1,300,0
41413,0,"你在一间奇异的小屋,获得了一个朴素的箱子。",1,350,0
41414,0,"你在一间奇异的小屋,搜索后得到一个封印着的魔盒。",1,400,0
41415,0,你经过一片茂密的森林，发现了一堆华丽的珠宝。,1,450,0
41416,0,"你探索了一间奇异的小屋,发现了一袋隐藏着的金币。",1,500,0
41417,0,"你在一间奇异的小屋,发现了一个朴素的箱子。",1,600,0
41418,0,"你在一间奇异的小屋,发现了一堆华丽的珠宝。",1,700,0
41419,0,"你在一座远古神殿,搜索后得到一袋隐藏着的金币。",1,800,0
41420,0,你经过一片茂密的森林，发现了一个封印着的魔盒。,1,900,0
41421,0,你在一座金字塔，获得了一个朴素的箱子。,1,1100,0
41422,0,你经过一片茂密的森林，发现了一个朴素的箱子。,1,1300,0
41423,0,"你在一座远古神殿,发现了迷路的妖精遗留的钱袋。",1,1500,0
41424,0,"你在一片草地上,搜索后得到一堆华丽的珠宝。",1,1700,0
41425,0,你探索了一座金字塔，搜索后得到一个封印着的魔盒。,1,2000,0
41426,0,你在一片茂密的森林，获得了迷路的妖精遗留的钱袋。,1,2500,0
41427,0,你在一片茂密的森林，搜索后得到一袋隐藏着的金币。,1,3000,0
41428,0,"你在一片神殿的遗迹,获得了一堆华丽的珠宝。",1,3500,0
41429,0,你经过一座金字塔，搜索后得到一个封印着的魔盒。,1,4000,0
41430,0,"你在一座远古神殿,搜索后得到一个华丽的宝箱。",1,4500,0
41431,0,你探索了一个巨龙的巢穴，获得了一个封印着的魔盒。,1,5000,0
41432,0,你探索了一座金字塔，搜索后得到迷路的妖精遗留的钱袋。,1,5500,0
41433,0,"你经过一片草地上,发现了无名冒险者的遗产。",1,6000,0
41434,0,你在一个巨龙的巢穴，发现了一个华丽的宝箱。,1,6500,0
41435,0,你经过一片茂密的森林，搜索后得到一个朴素的箱子。,1,7000,0
41436,0,"你在一片草地上,获得了一袋隐藏着的金币。",1,7500,0
41437,0,"你探索了一片神殿的遗迹,搜索后得到一个华丽的宝箱。",1,8000,0
41438,0,你探索了一片茂密的森林，搜索后得到一个封印着的魔盒。,1,8500,0
41439,0,"你在一片草地上,发现了无名冒险者的遗产。",1,9000,0
41440,0,"你探索了一间奇异的小屋,发现了一堆华丽的珠宝。",1,9500,0
41441,0,"你在一片草地上,搜索后得到一个华丽的宝箱。",1,10000,0
41442,0,你在一片茂密的森林，搜索后得到一个朴素的箱子。,1,10500,0
41443,0,"你探索了一片草地上,获得了一袋隐藏着的金币。",1,11000,0
41444,0,"你在一片草地上,搜索后得到一袋隐藏着的金币。",1,11500,0
41445,0,你探索了一片茂密的森林，搜索后得到一个华丽的宝箱。,1,12000,0
41446,0,"你在一间奇异的小屋,搜索后得到一袋隐藏着的金币。",1,12500,0
41447,0,"你在一间奇异的小屋,搜索后得到一堆华丽的珠宝。",1,13000,0
41448,0,你在一个巨龙的巢穴，搜索后得到一袋隐藏着的金币。,1,13500,0
41449,0,"你探索了一片神殿的遗迹,获得了无名冒险者的遗产。",1,14000,0
41450,0,"你探索了一座远古神殿,获得了一袋隐藏着的金币。",1,14500,0
41451,0,"你经过一片草地上,发现了一个朴素的箱子。",1,15000,0
41452,0,"你经过一间奇异的小屋,搜索后得到一个封印着的魔盒。",1,15500,0
41453,0,你经过一个巨龙的巢穴，获得了一袋隐藏着的金币。,1,16000,0
41454,0,"你经过一间奇异的小屋,发现了无名冒险者的遗产。",1,16500,0
41455,0,"你经过一间奇异的小屋,获得了一袋隐藏着的金币。",1,17000,0
41456,0,"你探索了一座远古神殿,获得了一堆华丽的珠宝。",1,17500,0
41457,0,"你经过一片草地上,获得了一袋隐藏着的金币。",1,18000,0
41458,0,"你探索了一片神殿的遗迹,搜索后得到一个朴素的箱子。",1,18500,0
41459,0,"你在一间奇异的小屋,发现了一袋隐藏着的金币。",1,19000,0
41460,0,你经过一座金字塔，获得了一袋隐藏着的金币。,1,19500,0
41461,0,"你经过一间奇异的小屋,获得了一堆华丽的珠宝。",1,20000,0
41462,0,你经过一座金字塔，发现了一个朴素的箱子。,1,20500,0
41463,0,"你在一片神殿的遗迹,获得了一袋隐藏着的金币。",1,21000,0
41464,0,"你经过一间奇异的小屋,搜索后得到迷路的妖精遗留的钱袋。",1,21500,0
41465,0,"你探索了一座远古神殿,获得了迷路的妖精遗留的钱袋。",1,22000,0
41466,0,你经过一座金字塔，搜索后得到一个朴素的箱子。,1,22500,0
41467,0,"你在一间奇异的小屋,发现了迷路的妖精遗留的钱袋。",1,23000,0
41468,0,"你探索了一座远古神殿,发现了一个朴素的箱子。",1,23500,0
41469,0,"你在一座远古神殿,发现了一个封印着的魔盒。",1,24000,0
41470,0,"你经过一座远古神殿,搜索后得到一个朴素的箱子。",1,24500,0
41471,0,"你在一片草地上,获得了一个华丽的宝箱。",1,25000,0
41472,0,"你探索了一片草地上,发现了无名冒险者的遗产。",1,25500,0
41473,0,你探索了一座金字塔，获得了一个华丽的宝箱。,1,26000,0
41474,0,"你在一片神殿的遗迹,搜索后得到无名冒险者的遗产。",1,26500,0
41475,0,"你探索了一座远古神殿,发现了一袋隐藏着的金币。",1,27000,0
41476,0,你探索了一片茂密的森林，发现了迷路的妖精遗留的钱袋。,1,27500,0
41477,0,"你在一片草地上,发现了一袋隐藏着的金币。",1,28000,0
41478,0,你探索了一个巨龙的巢穴，搜索后得到无名冒险者的遗产。,1,28500,0
41479,0,你经过一座金字塔，搜索后得到无名冒险者的遗产。,1,29000,0
41480,0,你经过一个巨龙的巢穴，发现了迷路的妖精遗留的钱袋。,1,29500,0
41481,0,"你探索了一座远古神殿,获得了一个华丽的宝箱。",1,30000,0
41482,0,"你探索了一片草地上,获得了一个朴素的箱子。",1,30500,0
41483,0,"你经过一座远古神殿,发现了一袋隐藏着的金币。",1,31000,0
41484,0,"你探索了一片神殿的遗迹,发现了迷路的妖精遗留的钱袋。",1,31500,0
41485,0,你在一个巨龙的巢穴，搜索后得到一个朴素的箱子。,1,32000,0
41486,0,"你探索了一座远古神殿,获得了一个封印着的魔盒。",1,32500,0
41487,0,"你探索了一片草地上,搜索后得到一个封印着的魔盒。",1,33000,0
41488,0,"你探索了一座远古神殿,搜索后得到一袋隐藏着的金币。",1,33500,0
41489,0,"你经过一间奇异的小屋,搜索后得到一个朴素的箱子。",1,34000,0
41490,0,你探索了一片茂密的森林，获得了迷路的妖精遗留的钱袋。,1,34500,0
41491,0,"你在一片草地上,搜索后得到一个封印着的魔盒。",1,35000,0
41492,0,"你经过一片草地上,搜索后得到一袋隐藏着的金币。",1,35500,0
41493,0,"你在一座远古神殿,搜索后得到一个封印着的魔盒。",1,36000,0
41494,0,"你在一间奇异的小屋,获得了一个华丽的宝箱。",1,36500,0
41495,0,"你在一片草地上,获得了一堆华丽的珠宝。",1,37000,0
41496,0,"你经过一间奇异的小屋,搜索后得到一袋隐藏着的金币。",1,37500,0
41497,0,"你在一座远古神殿,发现了一个华丽的宝箱。",1,38000,0
41498,0,"你探索了一片神殿的遗迹,发现了无名冒险者的遗产。",1,38500,0
41499,0,你经过一座金字塔，发现了一个封印着的魔盒。,1,39000,0
41500,0,你在一座金字塔，获得了一堆华丽的珠宝。,1,39500,0
41501,0,"你经过一片神殿的遗迹,获得了一袋隐藏着的金币。",1,40100,0
41502,0,"你探索了一间奇异的小屋,搜索后得到一个华丽的宝箱。",1,40700,0
41503,0,"你经过一片草地上,发现了迷路的妖精遗留的钱袋。",1,41300,0
41504,0,你在一个巨龙的巢穴，搜索后得到迷路的妖精遗留的钱袋。,1,41900,0
41505,0,你经过一个巨龙的巢穴，搜索后得到无名冒险者的遗产。,1,42500,0
41506,0,"你探索了一片草地上,发现了一袋隐藏着的金币。",1,43100,0
41507,0,你在一座金字塔，获得了一袋隐藏着的金币。,1,43700,0
41508,0,"你探索了一间奇异的小屋,获得了无名冒险者的遗产。",1,44300,0
41509,0,你经过一片茂密的森林，搜索后得到一个华丽的宝箱。,1,44900,0
41510,0,你在一片茂密的森林，搜索后得到一个封印着的魔盒。,1,45500,0
41511,0,你在一座金字塔，获得了一个华丽的宝箱。,1,46100,0
41512,0,你在一片茂密的森林，搜索后得到一堆华丽的珠宝。,1,46700,0
41513,0,"你探索了一片神殿的遗迹,发现了一个朴素的箱子。",1,47300,0
41514,0,你在一座金字塔，发现了一袋隐藏着的金币。,1,47900,0
41515,0,你经过一片茂密的森林，发现了一袋隐藏着的金币。,1,48500,0
41516,0,"你经过一座远古神殿,发现了一个华丽的宝箱。",1,49100,0
41517,0,"你在一间奇异的小屋,获得了一袋隐藏着的金币。",1,49700,0
41518,0,你探索了一个巨龙的巢穴，获得了一袋隐藏着的金币。,1,50300,0
41519,0,你经过一座金字塔，搜索后得到一袋隐藏着的金币。,1,50900,0
41520,0,"你经过一座远古神殿,发现了迷路的妖精遗留的钱袋。",1,51500,0
41521,0,"你探索了一座远古神殿,搜索后得到一个华丽的宝箱。",1,52100,0
41522,0,"你探索了一座远古神殿,搜索后得到一堆华丽的珠宝。",1,52700,0
41523,0,"你探索了一片神殿的遗迹,获得了一个封印着的魔盒。",1,53300,0
41524,0,"你在一片草地上,发现了一个华丽的宝箱。",1,54000,0
41525,0,你探索了一座金字塔，搜索后得到一个朴素的箱子。,1,54700,0
41526,0,"你探索了一片神殿的遗迹,发现了一袋隐藏着的金币。",1,55400,0
41527,0,"你探索了一间奇异的小屋,获得了一个封印着的魔盒。",1,56100,0
41528,0,"你经过一片神殿的遗迹,搜索后得到一个朴素的箱子。",1,56800,0
41529,0,你在一个巨龙的巢穴，搜索后得到一堆华丽的珠宝。,1,57500,0
41530,0,"你经过一片草地上,获得了无名冒险者的遗产。",1,58200,0
41531,0,"你经过一座远古神殿,获得了一个朴素的箱子。",1,58900,0
41532,0,你在一个巨龙的巢穴，获得了一袋隐藏着的金币。,1,59600,0
41533,0,你经过一片茂密的森林，搜索后得到一袋隐藏着的金币。,1,60300,0
41534,0,"你经过一座远古神殿,发现了无名冒险者的遗产。",1,61000,0
41535,0,"你在一片神殿的遗迹,发现了迷路的妖精遗留的钱袋。",1,61700,0
41536,0,"你经过一座远古神殿,搜索后得到无名冒险者的遗产。",1,62400,0
41537,0,你探索了一片茂密的森林，发现了一袋隐藏着的金币。,1,63100,0
41538,0,你经过一个巨龙的巢穴，发现了一堆华丽的珠宝。,1,63800,0
41539,0,你探索了一座金字塔，获得了迷路的妖精遗留的钱袋。,1,64500,0
41540,0,"你在一片神殿的遗迹,搜索后得到一个朴素的箱子。",1,65300,0
41541,0,"你经过一片神殿的遗迹,搜索后得到一个封印着的魔盒。",1,66100,0
41542,0,"你在一片草地上,发现了一个封印着的魔盒。",1,66900,0
41543,0,"你在一间奇异的小屋,获得了无名冒险者的遗产。",1,67700,0
41544,0,你经过一座金字塔，获得了一个华丽的宝箱。,1,68500,0
41545,0,"你探索了一片神殿的遗迹,获得了一个华丽的宝箱。",1,69300,0
41546,0,"你经过一座远古神殿,发现了一堆华丽的珠宝。",1,70100,0
41547,0,"你经过一片草地上,搜索后得到一个朴素的箱子。",1,70900,0
41548,0,"你在一座远古神殿,获得了无名冒险者的遗产。",1,71700,0
41549,0,你探索了一座金字塔，发现了一堆华丽的珠宝。,1,72500,0
41550,0,你经过一个巨龙的巢穴，搜索后得到一个华丽的宝箱。,1,73500,0
41551,0,"你在一片草地上,获得了一个封印着的魔盒。",1,74500,0
41552,0,"你探索了一座远古神殿,获得了一个朴素的箱子。",1,75500,0
41553,0,你探索了一座金字塔，发现了迷路的妖精遗留的钱袋。,1,76500,0
41554,0,你经过一片茂密的森林，获得了一堆华丽的珠宝。,1,77500,0
41555,0,"你经过一片神殿的遗迹,搜索后得到无名冒险者的遗产。",1,78500,0
41556,0,你探索了一个巨龙的巢穴，发现了一个封印着的魔盒。,1,79500,0
41557,0,你经过一个巨龙的巢穴，搜索后得到一个封印着的魔盒。,1,80500,0
41558,0,"你探索了一间奇异的小屋,获得了一个华丽的宝箱。",1,81500,0
41559,0,你在一片茂密的森林，发现了一个朴素的箱子。,1,82500,0
41560,0,"你探索了一间奇异的小屋,搜索后得到一袋隐藏着的金币。",1,83500,0
41561,0,"你经过一片神殿的遗迹,搜索后得到一袋隐藏着的金币。",1,84500,0
41562,0,你探索了一个巨龙的巢穴，获得了一堆华丽的珠宝。,1,85500,0
41563,0,你探索了一个巨龙的巢穴，获得了无名冒险者的遗产。,1,86500,0
41564,0,"你经过一间奇异的小屋,获得了一个封印着的魔盒。",1,87500,0
41565,0,你探索了一片茂密的森林，获得了一个朴素的箱子。,1,88500,0
41566,0,你在一个巨龙的巢穴，获得了一个封印着的魔盒。,1,89500,0
41567,0,"你经过一片神殿的遗迹,发现了一个朴素的箱子。",1,90500,0
41568,0,你经过一个巨龙的巢穴，获得了一堆华丽的珠宝。,1,91500,0
41569,0,你在一个巨龙的巢穴，获得了迷路的妖精遗留的钱袋。,1,92500,0
41570,0,你经过一座金字塔，获得了一个朴素的箱子。,1,93500,0
41571,0,你探索了一座金字塔，发现了一个华丽的宝箱。,1,94500,0
41572,0,你在一个巨龙的巢穴，发现了一袋隐藏着的金币。,1,95500,0
41573,0,"你探索了一间奇异的小屋,发现了一个封印着的魔盒。",1,96500,0
41574,0,"你经过一片草地上,获得了一堆华丽的珠宝。",1,97500,0
41575,0,你经过一个巨龙的巢穴，获得了一个封印着的魔盒。,1,98500,0
41576,0,你经过一座金字塔，搜索后得到迷路的妖精遗留的钱袋。,1,99500,0
41577,0,你在一个巨龙的巢穴，发现了一堆华丽的珠宝。,1,100500,0
41578,0,你探索了一座金字塔，发现了无名冒险者的遗产。,1,101500,0
41579,0,"你在一座远古神殿,获得了一个朴素的箱子。",1,102500,0
41580,0,你经过一座金字塔，获得了一个封印着的魔盒。,1,104500,0
41581,0,"你探索了一片神殿的遗迹,获得了一个华丽的宝箱。",1,105500,0
41582,0,"你经过一座远古神殿,发现了一堆华丽的珠宝。",1,107500,0
41583,0,"你经过一片草地上,搜索后得到一个朴素的箱子。",1,108500,0
41584,0,"你在一座远古神殿,获得了无名冒险者的遗产。",1,110500,0
41585,0,你探索了一座金字塔，发现了一堆华丽的珠宝。,1,111500,0
41586,0,你经过一个巨龙的巢穴，搜索后得到一个华丽的宝箱。,1,113500,0
41587,0,"你在一片草地上,获得了一个封印着的魔盒。",1,114500,0
41588,0,"你探索了一座远古神殿,获得了一个朴素的箱子。",1,116500,0
41589,0,你探索了一座金字塔，发现了迷路的妖精遗留的钱袋。,1,117500,0
41590,0,你经过一片茂密的森林，获得了一堆华丽的珠宝。,1,119500,0
41591,0,"你经过一片神殿的遗迹,搜索后得到无名冒险者的遗产。",1,120500,0
41592,0,你探索了一个巨龙的巢穴，发现了一个封印着的魔盒。,1,122500,0
41593,0,你经过一个巨龙的巢穴，搜索后得到一个封印着的魔盒。,1,123500,0
41594,0,"你探索了一间奇异的小屋,获得了一个华丽的宝箱。",1,125500,0
41595,0,你在一片茂密的森林，发现了一个朴素的箱子。,1,126500,0
41596,0,"你探索了一间奇异的小屋,搜索后得到一袋隐藏着的金币。",1,128500,0
41597,0,"你经过一片神殿的遗迹,搜索后得到一袋隐藏着的金币。",1,129500,0
41598,0,你探索了一个巨龙的巢穴，获得了一堆华丽的珠宝。,1,131500,0
41599,0,你探索了一个巨龙的巢穴，获得了无名冒险者的遗产。,1,132500,0
41600,0,"你经过一间奇异的小屋,获得了一个封印着的魔盒。",1,134500,0
41601,0,你探索了一片茂密的森林，获得了一个朴素的箱子。,1,135500,0
41602,0,你在一个巨龙的巢穴，获得了一个封印着的魔盒。,1,137500,0
41603,0,"你经过一片神殿的遗迹,发现了一个朴素的箱子。",1,138500,0
41604,0,你经过一个巨龙的巢穴，获得了一堆华丽的珠宝。,1,140500,0
41605,0,你在一个巨龙的巢穴，获得了迷路的妖精遗留的钱袋。,1,141500,0
41606,0,你经过一座金字塔，获得了一个朴素的箱子。,1,143500,0
41607,0,你探索了一座金字塔，发现了一个华丽的宝箱。,1,144500,0
41608,0,你在一个巨龙的巢穴，发现了一袋隐藏着的金币。,1,146500,0
41609,0,"你探索了一间奇异的小屋,发现了一个封印着的魔盒。",1,147500,0
41610,0,"你经过一片草地上,获得了一堆华丽的珠宝。",1,149500,0
42401,0,你获得了一个混乱徽章，可以到招募所招募佣兵啦！,301,1,0
42402,0,你获得了一个辉煌徽章，可以到招募所招募佣兵啦！,302,1,0
42403,0,你获得了一个律动徽章，可以到招募所招募佣兵啦！,303,1,0
42404,3,你怀着期待的心情打开了宝箱！里面会有什么呢？,1201,1,0
42405,3,你怀着期待的心情打开了宝箱！里面会有什么呢？,1202,1,0
42406,3,你怀着期待的心情打开了宝箱！里面会有什么呢？,1203,1,0
42407,3,你怀着期待的心情打开了宝箱！里面会有什么呢？,1210,1,0
42408,0,你怀着期待的心情打开了宝箱！里面会有什么呢？,200,1,0
42409,0,你怀着期待的心情打开了宝箱！里面会有什么呢？,201,1,0
42410,0,你怀着期待的心情打开了宝箱！里面会有什么呢？,202,1,0
42411,0,你怀着期待的心情打开了宝箱！里面会有什么呢？,203,1,0
42412,0,你怀着期待的心情打开了宝箱！里面会有什么呢？,204,1,0
42413,0,你怀着期待的心情打开了宝箱！里面会有什么呢？,205,1,0
42414,0,你怀着期待的心情打开了宝箱！里面会有什么呢？,206,1,0
42415,0,你怀着期待的心情打开了宝箱！里面会有什么呢？,207,1,0
42416,0,你怀着期待的心情打开了宝箱！里面会有什么呢？,208,1,0
42501,3,你怀着期待的心情打开了宝箱！里面会有什么呢？,1211,1,0
42502,3,你怀着期待的心情打开了宝箱！里面会有什么呢？,1212,1,0
42503,3,你怀着期待的心情打开了宝箱！里面会有什么呢？,1213,1,0
42504,3,你怀着期待的心情打开了宝箱！里面会有什么呢？,1214,1,0
42505,3,你怀着期待的心情打开了宝箱！里面会有什么呢？,1215,1,0
42506,3,你怀着期待的心情打开了宝箱！里面会有什么呢？,1216,1,0
42507,3,你怀着期待的心情打开了宝箱！里面会有什么呢？,1217,1,0
42508,3,你怀着期待的心情打开了宝箱！里面会有什么呢？,1218,1,0
42509,3,你怀着期待的心情打开了宝箱！里面会有什么呢？,1219,1,0
42510,3,你怀着期待的心情打开了宝箱！里面会有什么呢？,1220,1,0
42511,3,你怀着期待的心情打开了宝箱！里面会有什么呢？,1221,1,0
42512,3,你怀着期待的心情打开了宝箱！里面会有什么呢？,1222,1,0
42513,3,你怀着期待的心情打开了宝箱！里面会有什么呢？,1223,1,0
42514,3,你怀着期待的心情打开了宝箱！里面会有什么呢？,1224,1,0
42515,3,你怀着期待的心情打开了宝箱！里面会有什么呢？,1225,1,0
42516,3,你怀着期待的心情打开了宝箱！里面会有什么呢？,1226,1,0
42517,3,你怀着期待的心情打开了宝箱！里面会有什么呢？,1227,1,0
42518,3,你怀着期待的心情打开了宝箱！里面会有什么呢？,1228,1,0
42519,3,你怀着期待的心情打开了宝箱！里面会有什么呢？,1229,1,0
42520,3,你怀着期待的心情打开了宝箱！里面会有什么呢？,1230,1,0
42521,3,你怀着期待的心情打开了宝箱！里面会有什么呢？,1231,1,0
42522,3,你怀着期待的心情打开了宝箱！里面会有什么呢？,1232,1,0
42523,3,你怀着期待的心情打开了宝箱！里面会有什么呢？,1233,1,0
42524,3,你怀着期待的心情打开了宝箱！里面会有什么呢？,1234,1,0
42525,3,你怀着期待的心情打开了宝箱！里面会有什么呢？,1235,1,0
42526,3,你怀着期待的心情打开了宝箱！里面会有什么呢？,1236,1,0
42527,3,你怀着期待的心情打开了宝箱！里面会有什么呢？,1237,1,0
42528,3,你怀着期待的心情打开了宝箱！里面会有什么呢？,1238,1,0
42529,3,你怀着期待的心情打开了宝箱！里面会有什么呢？,1239,1,0
42530,3,你怀着期待的心情打开了宝箱！里面会有什么呢？,1204,1,0
42531,3,你怀着期待的心情打开了宝箱！里面会有什么呢？,1205,1,0
42532,3,你怀着期待的心情打开了宝箱！里面会有什么呢？,1204,1,0
42533,3,你怀着期待的心情打开了宝箱！里面会有什么呢？,1206,1,0
42534,3,你怀着期待的心情打开了宝箱！里面会有什么呢？,1204,1,0
42535,3,你怀着期待的心情打开了宝箱！里面会有什么呢？,1207,1,0
42536,3,你怀着期待的心情打开了宝箱！里面会有什么呢？,1209,1,0
42537,3,你怀着期待的心情打开了宝箱！里面会有什么呢？,1208,1,0
42538,3,你怀着期待的心情打开了宝箱！里面会有什么呢？,1204,1,0
42539,3,你怀着期待的心情打开了宝箱！里面会有什么呢？,1209,1,0
42540,3,你怀着期待的心情打开了宝箱！里面会有什么呢？,1209,1,0
50199,6,这是先知在魔界召唤出的奇异生物。让他帮助你一起冒险吧！,10260,0,0
50200,0,你搜索到一些食物。,200,5,0
50201,6,虽然觉得莫名其妙，但是你似乎轻易的击败了敌人。请让我跟随你吧！老人身后转出了一位兔女郎，这就是你的第一位伙伴吧。,10023,0,0
50202,0,感谢诸神，你赶走了刚才的狼群。你一定是贤者所说的勇者。,200,5,0
50203,5,我必须帮助你找到矿洞，这将是寻找未来的关键。,2,0,0
50204,0,经过一场战斗，你发现了一些雷管。看来矿洞离此地开不远。,6,3,0
50205,7,正如阿曼达所说，这是个矿洞，虽然你不知道贤者的预言到底是个啥，但在里面也许可以找到许多有用的东西。,4,0,0
50206,5,老头开心的摇动着脑袋，从早就准备好的盒子里掏出一张画有密径的地图。地图上绘制着通过北部森林前往兰沃村的道路。,3,0,0
50207,6,感谢你，我叫丽萨，我正被森林主教驱逐，感谢你救了我。让我和你的伙伴一起前进吧！,10022,0,0
50208,4,在森林中艰苦跋涉，你似乎领悟到了一些经验。,0,300,0
50209,5,正如地图所示，眼前的道路忽然开朗，一座村庄展现在你的眼前。,4,0,0
50210,6,感谢你，吟游诗人演出完毕，站起身来向你行礼。正如您所见，因为你的英勇表现我的朋友想加入你。,10021,0,0
50211,7,佣兵招募所就在前方，快去试试运气吧。,5,0,0
50212,5,谢谢回顾哦，欢迎再次光临。,5,0,0
50213,4,经过一场战斗，虽说不容易，但你似乎觉得自己强了一些。,0,300,0
50214,4,经过一场战斗，虽说不容易，但你似乎觉得自己强了一些。,0,400,0
50215,5,经过一场战斗，虽说不容易，但你似乎觉得自己强了一些。,6,0,0
50216,0,你搜索的尸体，发现了一些金币。,1,200,0
50217,4,真是一个难缠的家伙，不过还是解决了。等等，有一些金币落在了地上。,0,500,0
50218,5,遗迹深处的密道，穿过时空乱流，命运将指引着你找到永恒神殿。你将迎接新的考验。,7,0,0
50219,6,影魔四散而去，你的队伍迎来了新的成员。,10020,0,0
50220,0,多么强大的存在啊，看来我无法救赎这个位面了。,1,300,0
50221,5,继续前进，前往永恒神殿。哪里有你需要的知识。,8,0,0
50222,4,老者传授了你很多新的知识，你感到自己更强了。,0,600,0
50223,7,你感到有一丝迷惘，同时仿佛有感觉到新世界的大门向你打开了。,7,0,0
50224,5,解雇佣兵可以获得荣誉碎片。荣誉碎片在神殿可以兑换高品质佣兵。,9,0,0
50225,11,经过翻搜索，你发现这位冒险者似乎是一名矿工。,18,20,0
50226,4,真是一个难缠的家伙，不过还是解决了。等等，有一些金币落在了地上。,0,1000,0
50227,5,遗迹深处的密道，穿过时空乱流，命运将指引着你找到永恒神殿。你将迎接新的考验。,10,0,0
50228,8,影魔四散而去，你似乎领悟到了某种力量的规则。你可以领导更多的英雄了。,4,0,0
50229,0,有点意思！凡人，这些碎片是给你的奖励。,301,2,0
50230,5,继续前进，前往永恒神殿。哪里有你需要的知识。,11,0,0
50231,4,老者提给你一把古旧的宝剑，它与你的灵魂产生了共鸣，你获得了传说中的神器。,0,5096,0
50232,4,虽然感到有一丝迷惘，但你似乎感觉自己变强了一些。,0,5096,0
50233,5,这哪里是什么神殿，分明就是一个混乱的竞技场，你匆匆离去，眼前出现了一片森林。,12,0,0
50234,4,斩断魔化的根茎，继续向前，发现了一些保险者留下的物资。,0,5766,0
50235,0,你给他一份地图，旅人向你道谢后留下一袋金币便匆匆离去。,1,500,0
50236,5,披荆斩棘之后发现了一条通往丛林深处的小径,13,0,0
50237,4,你似乎觉得自己变强了一些。,0,6464,0
50238,4,战胜了魔物感受到了力量的成长。,0,6464,0
50239,5,你意外地发现了离开森林的捷径。,14,0,0
50240,4,轻松解决，你获得了不少经验。,0,7190,0
50241,8,少女从脱下斗篷，露出蓝色的秀发。这是贤者让我转交的东西。,4,0,0
50242,5,时空的裂痕已经渐渐平复，也许你真的可以做到，修复这个世界。,15,0,0
50243,4,你获得了少许经验。,0,7942,0
50244,0,战胜了对方，你获得了一些金币。但却丝毫高兴不起来。,1,2000,0
50245,5,退出屋子，你决定走为上策。转身往北方走去。,16,0,0
50246,7,未知的力量与你灵魂产生了共鸣，你感到体内有股强大的力量觉醒了！,9,0,0
50247,12,又击退了一波魔人，你来到一处祭坛，祭坛上的法杖与你的灵魂产生了共鸣，你获得了传说中的神器。,2,0,0
50248,5,稍作抵挡，你向后撤走，发现了一个坚固的庄园古堡。,17,0,0
50249,4,你发现了一些没有被魔化的村民。,0,9526,0
50250,0,老者一转身就不见了，留下一袋金币。,1,5000,0
50251,5,击败石像鬼，前往古堡密室的道路显现出来。,18,0,0
50252,7,你发现了地下室中的神秘徽章。其中遗留神格的气息让你有望踏上封神之阶。,14,0,0
50253,0,召唤师数量不少，打扫战场后你发现了许多金币。,1,6000,0
50254,5,击败了持盾卫士，你发现通道尽头的密室。,19,0,0
50255,8,你感到有一丝迷惘，同时仿佛有感觉到新世界的大门向你打开了。出战英雄的上限增加了。,4,0,0
50256,4,你暗自戒备，你感到体内有股强大的力量觉醒了！,0,11211,0
50257,5,一切归于寂静，你感觉到命运的指引，你决定回去沃兰村问个明白。,20,0,0
50258,4,你似乎觉得自己的决定非常明智。,0,12091,0
50259,12,这是一队装备精良的冒险者。你发现了一把朴素的长弓。长弓与你的灵魂产生了共鸣，你获得了传说中的神器。,3,0,0
50260,5,冒险者，你发现了新的世界！一个神庙遗迹的入口。,21,0,0
50261,4,你似乎觉得自己变强了一些。,0,12995,0
50262,4,你似乎觉得自己变得更强了一些。,0,12995,0
50263,5,辛勤劳作了一下午，终于扫清了障碍，一座神庙的遗迹出现在你的面前。,22,0,0
50264,4,你似乎觉得自己领悟了什么。,0,13923,0
50265,4,什么是科学，你似乎觉得自己也答不上来。,0,13923,0
50266,5,你发现了龙穴入口！,23,0,0
50267,4,在奇异光芒的照射下，你似乎领悟到了某种力量的规则。,0,14875,0
50268,0,绿龙受到重创不甘地飞走了，你在神殿深处中发现了一箱雷管！,6,5,0
50269,5,走到破洞前，你果然发现了新的道路！,24,0,0
50270,4,你似乎感受到这个位面力量运行的规则。,0,15850,0
50271,4,你的攻击也许奏效，也许没有。喵星人鄙视的看着你，淡定的离开了。,0,15850,0
50272,5,清理了魔物之后，你发现了一条宽阔的道路！,25,0,0
50273,4,消灭了眼魔，你似乎觉得被人监视的感觉反而更加强烈了。,0,16847,0
50274,4,幸亏你意志坚定，战胜了魅魔，你似乎觉得自己变强了一些。,0,16847,0
50275,5,运气太差了，你发现的是一个营地废墟！,26,0,0
50276,4,探查了营地废墟，获得了大量金币。你似乎觉得自己运气不错。,0,17868,0
50277,0,打开之后你发现了大量的金币。福布斯排行榜将留下你的名字。,1,18000,0
50278,5,蒙面人的力量相当强大，你感到一丝不安，闪身往驿道边的丛林逃去，发现一条低径。,27,0,0
50279,4,魔人像梦魇一样挥之不去。你似乎觉得自己的内心变强了一些。,0,18910,0
50280,10,铁匠被消灭了，留下一些补给品。,19,1,0
50281,5,你继续向前，发现了低径村庄。,28,0,0
50282,4,这里的魔人强大很多，究竟是什么样的情况造成的呢？,0,19975,0
50283,4,闪过蒙面人的攻击。你回想过往种种，似乎领悟了某些底层力量的规则。,0,19975,0
50284,5,你转身就跑。前方是一片沼泽。,29,0,0
50285,4,你似乎觉得自己变强了一些。,0,21062,0
50286,10,带你穿过沼泽之后，神秘人留下一本厚重的书籍便离开了。,19,1,0
50287,5,冒险者，你发现了一个洞穴！,30,0,0
50288,2,你发现了大量的金币，纠结是什么样的人藏在这里的呢？,0,25,0
50289,12,干掉了巨型蜘蛛，一番探索之后你发现了隐藏着的神器。,4,0,0
50290,5,终于穿过了洞穴，你发现了一个路标，你到达了高径。,31,0,0
50291,4,再次击退蒙面人，你似乎觉得自己变强了一些。,0,23300,0
50292,10,神秘的组织浮现了出来，你感到深深的恶意。,19,1,0
50293,5,路的尽头，你发现这竟然是一个悬崖！,32,0,0
50294,4,更加强大的对手，你感到自己变强了一些。,0,24451,0
50295,4,击退了一波喽喽，你和你的伙伴们陷入绝境。,0,24451,0
50296,5,纵身跳下悬崖，你发现新的世界：高径瀑布。,33,0,0
50297,4,神使对你释放了治愈法术，你感觉自己冲满了力量。,0,25624,0
50298,4,你获得了传说中的神器。,0,25624,0
50299,5,神使发动了传送法阵，你被传送到了一个陌生的时空。,34,0,0
50300,4,赶跑了苏醒的元素，你似乎觉得自己变强了一些。,0,26817,0
50301,10,击退了狂暴的元素，你似乎领悟了时空乱流中力量运行的规则。,19,1,0
50302,5,闪身穿过时空裂缝，你来到了一片扭曲虚空。,35,0,0
50303,4,你似乎觉得自己变强了一些。可惜补给品可能不知道还能撑多久。,0,28030,0
50304,4,在遗骸周围，你发现了一块矿石。你感到石头中蕴含者惊人的能量，你小心翼翼地把它收藏。,0,28030,0
50305,5,干掉了最后一只魔物，你发现了一片荒原！,36,0,0
50306,0,你似乎觉得自己的力量受到了限制。,1,15000,0
50307,4,虚空行者留下了一袋宝贵的补给品。,0,29264,0
50308,5,太神奇了，你竟然在虚空中发现了一个村庄！,37,0,0
50309,4,你发现虚空中也有人类甚至建立了村庄。,0,30519,0
50310,10,虚空村庄中的人类实力各个不俗，费了好大的劲才将他们摆平。,19,1,0
50311,5,你接过地图，发现了前往虚空平原的道路！,38,0,0
50312,4,击退食人花，你发现自己似乎变强了一些。,0,31793,0
50313,4,再次击退食人花，你发现自己似乎领悟到扭曲虚空中力量的规则。,0,31793,0
50314,5,冒险者，你发现了虚空王城！,39,0,0
50315,4,“这不可能，没有新来者可以熟练运用规则！”盗贼不甘地咽气，你来到王城门口。,0,33088,0
50316,10,你似乎觉得扭曲虚空变得亲切了一些。,19,1,0
50317,5,搜索之后得到一幅地图，你决定先去王城下层碰碰运气！,40,0,0
50318,2,你似乎闻到一丝阴谋的味道。,0,50,0
50319,12,此地不宜久留，你决定离开王城下层。临走时，一位老者提给你一对双刃，你获得了传说中的神器。,5,0,0
50320,5,"""谢谢你，正义的冒险者，我想你是我们一直在等的人。""女子指引你走向一座隐蔽的石屋。",41,0,0
50321,4,年轻的女子制止了你们的打斗。你们闪身进入到石屋。,0,35736,0
50322,4,你听着马克思佩恩滔滔不绝，似乎觉得这个男人并不简单。,0,35736,0
50323,5,你接过地图，出发前往虚空禁区。,42,0,0
50324,4,危险的怪物掉落了一些稀有的矿石，也算是意外收获。,0,37090,0
50325,4,受伤的恶魔撕开扭曲时空逃了进去。地上的血迹凝结成一块结晶。,0,37090,0
50326,5,穿越禁区，前方呈现出一个诡异的球形建筑，按地图所示，这便是神秘的虚空遗迹。,43,0,0
50327,4,你从未见过类似遗迹守卫的力量规则，你感到一扇新世界的大门打开了。,0,38463,0
50328,4,摆平了这些球体，你发现地上的武器与你的灵魂产生了共鸣，你获得了传说中的神器。,0,38463,0
50329,5,你穿过大门，进入到遗迹的核心。,44,0,0
50330,0,无法超越你的力量，巨像轰然倒塌，地上出现了一个残留的核心。,5,1,0
50331,4,提供了足够的矿石，遗迹的机关开始启动，一阵精密的活动之后，透明的柱子向上升起，你获得了时空火种。,0,39855,0
50332,5,按照地图的指引，你离开遗迹返回虚空王城，这次前往的是王城上层。,45,0,0
50333,4,你似乎觉得形势相当微妙。,0,41267,0
50334,4,你似乎觉得自己必须加快脚步。,0,41267,0
50335,5,到达王城上层的深处，你发现了巍峨雄伟的虚空教堂。,46,0,0
50336,4,处理玩难缠的守卫，你发现灵魂深处的一丝牵绊，看来时空之炬应该就在不远处。,0,42697,0
50337,4,你似乎觉得自己的内心变得有些迷茫。,0,42697,0
50338,5,冒险者，你发现了时空之炬！,47,0,0
50339,4,冤魂得到了安息，你定了定神，仔细打量起这个由奇怪的石块堆砌起来的建筑。,0,44146,0
50340,4,"""也许可以，也许不行。""时空之神的投影渐渐隐去。",0,44146,0
50341,5,火种引燃了时空之炬，强大的能量爆发开来，整个位面都开始崩塌，眼前出现了一个时空隧道，你大步跨了进去。,48,0,0
50342,4,你似乎觉得自己变强了一些。,0,45614,0
50343,4,“这不可能！！”杀手嘶吼着坠入时空的乱流粉身碎骨。你感到自己的确变强了一些。,0,45614,0
50344,5,能量渐渐的平息，睁开眼睛，刺眼的阳光照耀着你！你回到了主位面的世界！,49,0,0
50345,4,神秘人留下一本厚重的书籍便消失了。,0,47101,0
50346,4,你感觉到这个世界力量规则的变化，你似乎觉得自己变弱了一些。,0,47101,0
50347,5,走上熟悉的道路，你发现了曾经的森林。,50,0,0
50348,4,赶跑了魔物，你似乎觉得自己变强了一些。,0,48606,0
50349,4,无论如何，这都不是什么好现象，你感到一丝不安。,0,48606,0
50350,5,冒险者，你发现了曾经的兰沃村！,51,0,0
50351,4,你感到一丝悲伤。,0,50129,0
50352,4,怨灵开始消失，你似乎觉得它有一些熟悉。,0,50129,0
50353,5,“你必须前往以太要塞，阻止他们。”怨灵消散，你发现了刻着地图的石碑。,52,0,0
50354,4,你似乎觉得自己变强了一些。,0,51671,0
50355,4,你似乎觉得自己变强了一些。,0,51671,0
50356,5,这次你选择了相反的方向。你发现了一望无际的沙漠。,53,0,0
50357,4,你似乎觉得自己变强了一些。,0,53231,0
50358,4,热气散去，灰烬中插着一把长枪。长枪与你的灵魂产生共鸣，你获得了传说中的神器。,0,53231,0
50359,5,越过一个高坡，你发现了另外一片沙漠。,54,0,0
50360,4,究竟是什么样的人？默哀之后，你继续上路。,0,54809,0
50361,4,击退了劫匪，此地不宜久留。你匆匆上路，继续前行。,0,54809,0
50362,5,冒险者，你发现了新的世界！,55,0,0
50363,4,你似乎觉得自己变强了一些。,0,56405,0
50364,4,你似乎觉得自己变强了一些。,0,56405,0
50365,5,冒险者，你发现了以太秘境！,56,0,0
50366,2,你似乎觉得自己领悟到了什么。,0,100,0
50367,4,看来你来到了以太狩猎团的老窝。,0,58019,0
50368,5,击败这个实力平庸的对手，你继续前行前方就是以太平原。,57,0,0
50369,4,你似乎觉得自己变强了一些。,0,59651,0
50370,4,你似乎觉得自己变强了一些。,0,59651,0
50371,5,冒险者，你发现了神之秘境！,58,0,0
50372,4,你不是第一次遇见神仆，但是这些残暴的神仆为什么会变成这样。,0,61300,0
50373,4,神官能量散尽渐渐消失，你似乎觉得他的眼神中出现了一丝生机。,0,61300,0
50374,5,你加快脚步进入了众神神殿！,59,0,0
50375,4,你似乎觉得眼前的场景似曾相识。,0,62967,0
50376,4,你似乎觉得眼前的场景似曾相识。,0,62967,0
50377,5,冒险者，你发现了新的世界！,60,0,0
50378,4,黑暗中你听到了一阵让人毛骨悚然诡异的咆哮。,0,64652,0
50379,4,你似乎觉得自己终结了一切。,0,64652,0
50380,5,冒险者，你发现了时空漩涡，未知时间、未知空间，是福？是祸？都由你来探索。,61,0,0
50381,8,你似乎开始理解力量本源的规则。你的领导力变强了，更多佣兵可以出战。,2,0,0
50382,4,你似乎觉得自己变强了一些。,0,66353,0
50383,5,你发现了新的世界！,62,0,0
50384,4,你似乎觉得自己变强了一些。,0,68073,0
50385,4,你似乎觉得自己变强了一些。,0,68073,0
50386,5,继续前行，感知位面力量规则的不同，你意识到你来到了一个新的位面！,63,0,0
50387,4,你开始的思索，这是众神的安排还是恶魔的陷阱。,0,69809,0
50388,4,天使说完便消失不见。,0,69809,0
50389,5,准备充分之后，你决定继续前行，你动身前往苍蓝平原。,64,0,0
50390,4,你似乎觉得自己变强了一些。,0,71563,0
50391,4,你似乎觉得自己变强了一些。,0,71563,0
50392,5,冒险者，你发现了天空之镜！,65,0,0
50393,4,你打跑了出头的一些碧蓝幼龙，且战且退。,0,73334,0
50394,4,你似乎觉得自己变强了一些。,0,73334,0
50395,5,你发现了苍蓝小径。,66,0,0
50396,4,你似乎觉得自己变强了一些。,0,75121,0
50397,4,你似乎觉得自己变强了一些。,0,75121,0
50398,5,冒险者，你发现了冰雪长廊！,67,0,0
50399,4,你似乎觉得自己变强了一些。,0,76926,0
50400,4,不错，能接下我一招的冒险者你是第一个。光天使让出了通道。,0,76926,0
50401,5,前方出现了一座冰雪神殿。似乎有点眼熟？,68,0,0
50402,4,女神的威压让你喘不过气来。你不敢反驳。,0,78748,0
50403,4,女神的威能让你喘不过气来。你堪堪抵挡住攻击。,0,78748,0
50404,5,神像背后有一条密道。,69,0,0
50405,4,你似乎觉得女神也在什么地方战斗着。,0,80586,0
50406,4,你开始感到情况也许比想象中更糟。,0,80586,0
50407,5,你意识到你来到了洪荒海岸。,70,0,0
50408,4,你似乎觉得自己掉入了一个陷阱。,0,82441,0
50409,4,你似乎觉得自己变强了一些。,0,82441,0
50410,5,冒险者，你发现了新的世界！,71,0,0
50411,4,你似乎觉惹怒了鱼人崇拜的神明。,0,84313,0
50412,8,你击退了并吸收了水神的力量。领导力突破了界限。,1,0,0
50413,5,你惊讶得目瞪口呆。这是什么鬼？,72,0,0
50414,4,你渐渐和他们熟悉起来。,0,86201,0
50415,4,你似乎觉得自己变强了一些。,0,86201,0
50416,5,你这才留意到码头停靠着一艘巨型的船舶。,73,0,0
50417,4,你感到有点生气。,0,88106,0
50418,4,你怒火中烧，这一定是那群水手搞的鬼。,0,88106,0
50419,5,狂怒之下你将守卫统统击碎。走上甲板。,74,0,0
50420,4,你似乎觉得自己变强了一些。,0,90027,0
50421,4,你似乎觉得自己变强了一些。,0,90027,0
50422,5,你半信半疑，继续前行。,75,0,0
50423,4,甲板的尽头，前方就是舰桥。,0,91964,0
50424,4,船长亲自验证了你的实力，你感到自己的确变强了，,0,91964,0
50425,5,冒险者，你发现了新的世界！,76,0,0
50426,4,你似乎觉得自己上了贼船。,0,93918,0
50427,4,你越开越欣赏魔能导航的表现了。,0,93918,0
50428,5,你感到剧烈的颠簸，很不舒服。,77,0,0
50429,4,你似乎觉得自己变强了一些。,0,95888,0
50430,4,你似乎觉得自己变强了一些。,0,95888,0
50431,5,方舟驶入了一个巨大的漩涡。,78,0,0
50432,4,大漩涡，你似乎在哪里听过这个地方。,0,97874,0
50433,4,你似乎觉得自己变强了一些。,0,97874,0
50434,5,似乎这也是考验的一部分？,79,0,0
50435,4,你似乎觉得很高兴。,0,99877,0
50436,4,你似乎觉得自己变强了一些。,0,99877,0
50437,5,目前航线，迷雾之海。,80,0,0
50438,4,你似乎觉得自己变强了一些。,0,101895,0
50439,4,你似乎觉得自己变强了一些。,0,101895,0
50440,5,冒险者，你发现了迷雾荒岛。,81,0,0
50441,4,你似乎觉得自己变强了一些。,0,1039290,0
50442,4,你似乎觉得自己变强了一些。,0,1039290,0
50443,5,你们继续向前，看到一个禁区的标示。,82,0,0
50444,4,他们气焰非常嚣张。你并没有停下来的意思。,0,1059800,0
50445,4,教训了这群不自量力的家伙，也完成了补给。,0,1059800,0
50446,5,你感觉到方舟正在急速坠落。,83,0,0
50447,4,收到神力的加持，方舟张开固定光翼，缓缓下降。,0,1080460,0
50448,8,你似乎觉得自己变强了一些。,2,0,0
50449,5,冒险者，你发现了苍穹瀑布。,84,0,0
50450,4,你感受到力量运行的规则。,0,1101280,0
50451,4,你似乎觉得自己变强了一些。,0,1101280,0
50452,5,冒险者，你发现天幕之镜！,85,0,0
50453,4,你似乎觉得自己变强了一些。,0,1122250,0
50454,4,你莫名其妙地加入了一场狩猎派对。,0,1122250,0
50455,5,冒险者，你发现了天幕荒原！,86,0,0
50456,4,你似乎爱上了这里。,0,1143390,0
50457,4,巨兽不甘的倒下。你感觉自己似乎变强了。,0,1143390,0
50458,5,冒险者，你发现了天幕废墟！,87,0,0
50459,4,你似乎觉得自己变强了一些。,0,1164680,0
50460,4,你似乎觉得自己变强了一些。,0,1164680,0
50461,5,你发快步穿过废墟，发现了失落之城！,88,0,0
50462,4,混混叫嚣着逃走了。,0,1186120,0
50463,4,你似乎觉得自己变强了一些。,0,1186120,0
50464,5,冒险者，你发现了新的世界！,89,0,0
50465,4,你似乎觉得事情有点不对劲。,0,1207720,0
50466,4,你似乎觉得得另想办法。,0,1207720,0
50467,5,你转身跳入护城河道，魔能守卫果然不再追来。,90,0,0
50468,4,你似乎觉得自己变强了一些。,0,1229480,0
50469,4,你似乎觉得自己变强了一些。,0,1229480,0
50470,5,穿越河道，你来到了传说中的失落之城——庞贝城。,91,0,0
50471,4,你似乎觉得自己变强了一些。,0,125139,0
50472,4,你似乎觉得自己变强了一些。,0,125139,0
50473,5,冒险者，你发现了新的世界！,92,0,0
50474,4,你似乎觉得自己变强了一些。,0,127345,0
50475,4,你似乎觉得自己变强了一些。,0,127345,0
50476,5,冒险者，你发现了新的世界！,93,0,0
50477,4,你似乎觉得自己变强了一些。,0,129567,0
50478,4,你似乎觉得自己变强了一些。,0,129567,0
50479,5,冒险者，你发现了庞贝伟业！,94,0,0
50480,4,你似乎觉得自己变强了一些。,0,131804,0
50481,4,你似乎觉得自己变强了一些。,0,131804,0
50482,5,跟着指引你来到了上古学院！,95,0,0
50483,4,你似乎觉得自己得到了尊重。,0,134056,0
50484,4,你似乎觉得自己变强了一些。,0,134056,0
50485,5,我会带你进入英雄学院，在哪里你会得到全面的指导！,96,0,0
50486,4,你似乎觉得自己明白了一些。,0,136323,0
50487,4,你似乎觉得自己变强了一些。,0,136323,0
50488,5,冒险者，你发现了试炼之路！,97,0,0
50489,4,你似乎觉得自己变强了一些。,0,138606,0
50490,4,你似乎觉得自己变强了一些。,0,138606,0
50491,5,冒险者，你发现了新的世界！,98,0,0
50492,4,你似乎觉得自己变强了一些。,0,140904,0
50493,4,你似乎觉得自己变强了一些。,0,140904,0
50494,5,冒险者，你发现了一扇上古传送门！,99,0,0
50495,4,你似乎觉得自己变强了一些。,0,143216,0
50496,4,你似乎觉得自己变强了一些。,0,143216,0
50497,5,冒险者，你发现了新的世界！,100,0,0
50498,4,你似乎觉得自己变强了一些。,0,145544,0
50499,4,你似乎觉得知道应该去哪儿了。,0,145544,0
50500,5,冒险者，你发现了新的世界！,101,0,0
50501,4,这个位面似乎正在进行末日之战。,0,147886,0
50502,4,你似乎觉得自己变强了一些。,0,147886,0
50503,5,冒险者，你发现了灵感神殿！,102,0,0
50504,4,你不以为然，大步通过。,0,150244,0
50505,4,你似乎觉得自己变强了一些。,0,150244,0
50506,5,冒险者，你发现了灵感领域！,103,0,0
50507,4,你似乎觉得自有什么强大的存在将要奖励。,0,152616,0
50508,4,你似乎觉得自己担子很重。,0,152616,0
50509,5,冒险者，你发现了新的世界！,104,0,0
50510,4,你似乎觉得自己洞穿了整个阴谋。,0,155003,0
50511,4,你似乎觉得自己洞穿了整个阴谋。,0,155003,0
50512,5,冒险者，你发现了核心裂缝！,105,0,0
50513,4,你似乎觉得自己变强了一些。,0,157405,0
50514,4,你似乎觉得自己变强了一些。,0,157405,0
50515,5,冒险者，你发现了时空裂痕！,106,0,0
50516,4,你似乎觉得自己变强了一些。,0,159822,0
50517,4,你似乎觉得自己变强了一些。,0,159822,0
50518,5,冒险者，你发现了以太风暴！,107,0,0
50519,4,你似乎觉得自己变强了一些。,0,162253,0
50520,4,你似乎觉得自己变强了一些。,0,162253,0
50521,5,冒险者，你发现了风暴中心！,108,0,0
50522,4,你似乎觉得自己变强了一些。,0,164699,0
50523,4,你似乎觉得自己变强了一些。,0,164699,0
50524,5,冒险者，你发现了风暴之眼！,109,0,0
50525,4,你似乎觉得自己变强了一些。,0,167160,0
50526,4,你似乎觉得自己变强了一些。,0,167160,0
50527,5,冒险者，你发现了末日边缘！,110,0,0
50528,4,你似乎觉得自己变强了一些。,0,169635,0
50529,4,你似乎觉得自己变强了一些。,0,169635,0
50530,5,冒险者，你发现了火焰平原！,111,0,0
50531,4,你似乎觉得自己变强了一些。,0,172125,0
50532,4,你且战且退。,0,172125,0
50533,5,冒险者，你发现了火焰矿洞！,112,0,0
50534,2,你似乎觉得自己变强了一些。,0,10000,0
50535,4,你似乎觉得自己变强了一些。,0,174629,0
50536,5,穿过密道，你发现了以太荒原！,113,0,0
50537,4,你似乎觉得自己变强了一些。,0,177147,0
50538,4,你似乎觉得自己变强了一些。,0,177147,0
50539,5,你发现了以太前哨！,114,0,0
50540,4,你似乎觉得自己变强了一些。,0,179680,0
50541,4,你似乎觉得自己变强了一些。,0,179680,0
50542,5,你发现哨岗深处的一条通道。,115,0,0
50543,4,你似乎觉得发现了什么。,0,182228,0
50544,4,你似乎觉得自己变强了一些。,0,182228,0
50545,5,冒险者，你发现了末日要塞！,116,0,0
50546,4,你似乎觉得自己变强了一些。,0,184789,0
50547,4,你似乎觉得自己变强了一些。,0,184789,0
50548,5,你感到邪恶的气息再次出现！,117,0,0
50549,4,你似乎觉得自己变强了一些。,0,187365,0
50550,4,你似乎觉得自己变强了一些。,0,187365,0
50551,5,冒险者，你发现了时空漩涡！,118,0,0
50552,4,你似乎觉得自己变强了一些。,0,189956,0
50553,4,你似乎觉得自己变强了一些。,0,189956,0
50554,5,好险，你逃出生天了！,119,0,0
50555,4,你似乎觉得自己变强了一些。,0,192560,0
50556,4,你似乎觉得自己变强了一些。,0,192560,0
50557,5,你遭遇到了纪元终结！,120,0,0
50558,4,你似乎觉得非常迷茫。,0,195179,0
50559,4,你似乎觉得自己变强了一些。,0,195179,0
50560,4,也许还有希望？你不断地思索哪里出了问题。,0,195179,0
50561,7,一把锤子，非常好！今后我们可以开始强化武器了！,10,0,0
50562,12,"""原来你就是神选者！”神器发出柔和的光芒，和你的灵魂产生了共鸣！",1,0,0
50563,0,矿洞就在魔铁山脉，马上出发吧。,1,150,0
50564,4,你和佣兵的战斗越来越默契了。你们获得了一些经验。,0,512,0
50565,16,你的宝箱已经扩充容量。可累计存储2个奖励。,17,1,0
50566,16,你的宝箱已经扩充容量。可累计存储3个奖励。,17,1,0
50567,16,你的宝箱已经扩充容量。可累计存储4个奖励。,17,1,0
50568,16,你的宝箱已经扩充容量。可累计存储5个奖励。,17,1,0
50569,16,你的宝箱已经扩充容量。可累计存储6个奖励。,17,1,0
50570,16,你的宝箱已经扩充容量。可累计存储7个奖励。,17,1,0
50571,16,你的宝箱已经扩充容量。可累计存储8个奖励。,17,1,0
50572,16,你的宝箱已经扩充容量。可累计存储9个奖励。,17,1,0
50573,16,你的宝箱已经扩充容量。可累计存储10个奖励。,17,1,0
50574,10,矿稿等级+1  可以挖掘更高级的矿石！,19,1,0
50575,10,矿稿等级+1  可以挖掘更高级的矿石！,19,1,0
50576,10,矿稿等级+1  可以挖掘更高级的矿石！,19,1,0
50577,7,你发现了一个工坊，消耗挖矿次数可以自动挖矿了。,3,0,0
50578,0,谢谢你救了我。你一定饿了吧。,202,1,0
50579,4,你对战斗技巧有了很多领悟。,0,300,0
50580,0,你从公会经纪人手中获得了3000金币的启动资金。,1,3000,0
50581,4,你对战斗技巧有了很多领悟。,0,300,0
50582,4,你对战斗技巧有了很多领悟。,0,300,0
50583,8,你发现是一本《领导力精要》。运气不错你可以领导更多的英雄了。,3,0,0
50584,7,解雇佣兵可以获得荣誉碎片。荣誉碎片在神殿可以兑换高品质佣兵。,12,0,0
50585,0,谢谢回顾哦，欢迎再次光临。,207,2,0
50586,7,"给佣兵排序吧。佣兵位置越靠前，技能发动越优先。
",13,0,0
50587,6,这是先知派来支援你冒险的角色，让他帮助你一起冒险吧！,10045,0,0
55001,3,你获得了好友的礼物！,1201,1,0
55002,3,你获得了好友的礼物！,1202,1,0
55003,3,你获得了好友的礼物！,1203,1,0
55004,1,你获得了好友的礼物！,2,10,10
55005,1,你获得了好友的礼物！,6,1,1
55006,1,你获得了好友的礼物！,101,6,12
55007,1,你获得了好友的礼物！,102,3,10
55008,1,你获得了好友的礼物！,103,2,5
55009,1,你获得了好友的礼物！,104,2,4
55010,1,你获得了好友的礼物！,105,1,4
55011,1,你获得了好友的礼物！,106,1,1
55012,1,你获得了好友的礼物！,107,1,1
55013,1,你获得了好友的礼物！,108,1,1
55014,1,你获得了好友的礼物！,109,1,1
55015,1,你获得了好友的礼物！,110,1,1
55016,1,你获得了好友的礼物！,111,1,1
55017,1,你获得了好友的礼物！,301,1,1
55018,1,你获得了好友的礼物！,302,1,1
55019,1,你获得了好友的礼物！,303,1,1
55020,1,你获得了好友的礼物！,200,1,1
55021,1,你获得了好友的礼物！,201,1,1
55022,1,你获得了好友的礼物！,202,1,1
55023,1,你获得了好友的礼物！,203,1,1
55024,1,你获得了好友的礼物！,204,1,1
55025,1,你获得了好友的礼物！,205,1,1
55101,0,你邀请的好友已经进入游戏，可以一起冒险了！,2,50,0
55102,0,你邀请的好友已经进入游戏，可以一起冒险了！,2,70,0
55103,0,你邀请的好友已经进入游戏，可以一起冒险了！,2,90,0
55104,0,你邀请的好友已经进入游戏，可以一起冒险了！,2,120,0
55105,0,你邀请的好友已经进入游戏，可以一起冒险了！,2,150,0
55106,0,你邀请的好友已经进入游戏，可以一起冒险了！,2,180,0
55107,0,你邀请的好友已经进入游戏，可以一起冒险了！,2,210,0
55108,0,你邀请的好友已经进入游戏，可以一起冒险了！,2,240,0
55109,0,你邀请的好友已经进入游戏，可以一起冒险了！,2,270,0
55110,0,你邀请的好友已经进入游戏，可以一起冒险了！,2,300,0
55111,0,你邀请的好友已经进入游戏，可以一起冒险了！,2,350,0
60001,11,你使用了毅力矿工包，挖矿次数+5,18,5,0
60002,11,你使用了白银矿工包，挖矿次数+10,18,10,0
60003,11,你使用了黄金矿工包，挖矿次数+20,18,20,0
60004,4,你幸运的进入冥想状态，获得了400经验,0,400,0
60011,4,预知未来是高深的魔法，你尝试领悟其中的奥秘。增加了200经验,0,200,0
60021,4,你净化了项链中留存的亡灵之力，获得了250000经验,0,250000,0
60031,4,#REF!,0,220000,0
60041,4,#REF!,0,90000,0
60051,4,#REF!,0,21000,0
60054,11,#REF!,18,45,0
60055,4,你努力的完成了训练。,0,2000,0
60056,4,你努力的完成了训练。,0,5000,0
60057,4,你努力的完成了训练。,0,8000,0
60058,4,你努力的完成了训练。,0,11000,0
60059,4,你努力的完成了训练。,0,16000,0
60060,4,你努力的完成了训练。,0,26000,0
60061,4,你努力的完成了训练。,0,39000,0
60062,4,你努力的完成了训练。,0,47000,0
60063,4,你努力的完成了训练。,0,56000,0
60064,4,你努力的完成了训练。,0,66000,0
60065,4,你努力的完成了训练。,0,110000,0
60066,4,你努力的完成了训练。,0,130000,0
60067,0,你在跳蚤市场出售的手环。,1,1200,0
60068,0,一个好人拿走了帽子，并给了你一些金币。,1,3000,0
60069,4,你带上这顶帽子，瞬间进入了冥想状态。等你清醒后帽子已经消失了。,0,32000,0
60070,0,#REF!,1,20000,0
60074,4,你服用了力量药剂。你现在觉得能战胜一只巨龙。,0,150000,0
60075,4,你服用了石化药剂。好像正在渐渐的失去知觉。,0,170000,0
60076,4,你服用了敏捷药剂。,0,190000,0
60077,4,你服用了小瓶经验药水。,0,900,0
60078,4,你服用了中瓶经验药水。,0,280000,0
60080,4,你服用了以太药剂。,0,310000,0
60081,4,你服用了元素精华。,0,340000,0
60082,0,你走到银行，把金砖兑换成了王国通用的金币。,1,100000,0
60083,0,小女孩的母亲买下了你的玩具小熊。,1,6000,0
61001,0,你购买了糯米饭团。,205,1,0
61002,0,你购买了牛肉拉面。,208,1,0
61003,0,你购买了雷管。,6,1,0
61004,3,你购买了神力矿工包。,1210,1,0
61005,9,挖矿次数上限已经提升。,8,5,0
61006,16,冒险时可累计的宝箱上限已经提升。,17,1,0
61007,0,你购买了雷管。,6,10,0
61008,0,你购买了雷管。,6,1,0
100001,1,紫金岩被炸碎了，露出了一些矿石。,5,1,1
100002,1,紫金岩被炸碎了，露出了一些矿石。,101,5,9
100003,1,紫金岩被炸碎了，露出了一些矿石。,102,2,4
100004,1,紫金岩被炸碎了，露出了一些矿石。,103,2,4
100005,1,紫金岩被炸碎了，露出了一些矿石。,104,2,4
100006,1,紫金岩被炸碎了，露出了一些矿石。,105,1,4
100007,1,紫金岩被炸碎了，露出了一些矿石。,106,1,1
100008,1,紫金岩被炸碎了，露出了一些矿石。,107,1,1
100009,1,紫金岩被炸碎了，露出了一些矿石。,108,1,2
100010,1,紫金岩被炸碎了，露出了一些矿石。,109,1,1
100011,1,紫金岩被炸碎了，露出了一些矿石。,110,1,1
100012,1,紫金岩被炸碎了，露出了一些矿石。,111,1,1
100021,2,你感到身体充满了力量！,0,100,0
100022,2,你感到身体充满了力量！,0,150,0
100030,1,你打开了矿石包。,104,36,40
100031,1,你打开了矿石包。,105,32,38
100032,0,你打开了矿石包。,106,2,0
100033,0,你打开了矿石包。,107,1,0
100034,0,你打开了矿石包。,108,2,0
100035,0,你打开了矿石包。,109,2,0
100036,0,你打开了矿石包。,110,2,0
100037,0,你打开了矿石包。,111,2,0
100038,3,,1472,5,0
100039,3,,1472,4,0
100040,3,,1472,3,0
100041,3,,1472,2,0
100042,3,,1472,1,0
100043,0,封神之阶带给你的荣耀。,1,10000000,0
100044,0,封神之阶带给你的荣耀。,1,9000000,0
100045,0,封神之阶带给你的荣耀。,1,8000000,0
100046,0,封神之阶带给你的荣耀。,1,7000000,0
100047,0,封神之阶带给你的荣耀。,1,6500000,0
100048,0,封神之阶带给你的荣耀。,1,6000000,0
100049,0,封神之阶带给你的荣耀。,1,5500000,0
100050,0,封神之阶带给你的荣耀。,1,5000000,0
100051,0,封神之阶带给你的荣耀。,1,4800000,0
100052,0,封神之阶带给你的荣耀。,1,4600000,0
100053,0,封神之阶带给你的荣耀。,1,4400000,0
100054,0,封神之阶带给你的荣耀。,1,4200000,0
100055,0,封神之阶带给你的荣耀。,1,4000000,0
100056,0,封神之阶带给你的荣耀。,1,3800000,0
100057,0,封神之阶带给你的荣耀。,1,3600000,0
100058,0,封神之阶带给你的荣耀。,1,3400000,0
100059,0,封神之阶带给你的荣耀。,1,3200000,0
100060,0,封神之阶带给你的荣耀。,1,3000000,0
100061,0,封神之阶带给你的荣耀。,1,2800000,0
100062,0,封神之阶带给你的荣耀。,1,2600000,0
100063,0,封神之阶带给你的荣耀。,1,2400000,0
100064,0,封神之阶带给你的荣耀。,1,2300000,0
100065,0,封神之阶带给你的荣耀。,1,2200000,0
100066,0,封神之阶带给你的荣耀。,1,2100000,0
100067,0,封神之阶带给你的荣耀。,1,2000000,0
100068,0,封神之阶带给你的荣耀。,1,1900000,0
100069,0,封神之阶带给你的荣耀。,1,1800000,0
100070,0,封神之阶带给你的荣耀。,1,1700000,0
100071,0,封神之阶带给你的荣耀。,1,1600000,0
100072,0,封神之阶带给你的荣耀。,1,1500000,0
100073,0,封神之阶带给你的荣耀。,1,1400000,0
100074,0,封神之阶带给你的荣耀。,1,1300000,0
100075,0,封神之阶带给你的荣耀。,1,1200000,0
100076,0,封神之阶带给你的荣耀。,1,1100000,0
100077,0,封神之阶带给你的荣耀。,1,1000000,0
100078,0,封神之阶带给你的荣耀。,3,600,0
100079,0,封神之阶带给你的荣耀。,3,500,0
100080,0,封神之阶带给你的荣耀。,3,400,0
100081,0,封神之阶带给你的荣耀。,3,300,0
100082,0,封神之阶带给你的荣耀。,3,200,0
100083,0,封神之阶带给你的荣耀。,3,100,0
100084,0,封神之阶带给你的荣耀。,3,90,0
100085,0,封神之阶带给你的荣耀。,3,80,0
100086,0,封神之阶带给你的荣耀。,3,70,0
100087,0,封神之阶带给你的荣耀。,3,65,0
100088,0,封神之阶带给你的荣耀。,3,60,0
100089,0,封神之阶带给你的荣耀。,3,55,0
100090,0,封神之阶带给你的荣耀。,3,50,0
100091,0,封神之阶带给你的荣耀。,3,45,0
100092,0,封神之阶带给你的荣耀。,3,40,0
100093,0,封神之阶带给你的荣耀。,3,35,0
100094,0,封神之阶带给你的荣耀。,3,30,0
100095,0,封神之阶带给你的荣耀。,3,25,0
100096,0,封神之阶带给你的荣耀。,3,20,0
100097,0,封神之阶带给你的荣耀。,3,15,0
100098,0,封神之阶带给你的荣耀。,3,10,0
100099,0,,3,0,0
100100,0,,3,0,0
100101,0,,3,0,0
100102,0,,3,0,0
100103,0,,3,0,0
100104,0,,3,0,0
100105,0,,3,0,0
100106,0,,3,0,0
100107,0,,3,0,0
100108,0,,3,0,0
100109,0,,3,0,0
100110,0,,3,0,0
100111,0,,3,0,0
100112,0,,3,0,0
100113,3,封神之阶带给你的荣耀。,1472,5,0
100114,3,封神之阶带给你的荣耀。,1472,4,0
100115,3,封神之阶带给你的荣耀。,1472,4,0
100116,3,封神之阶带给你的荣耀。,1472,3,0
100117,3,封神之阶带给你的荣耀。,1472,3,0
100118,3,封神之阶带给你的荣耀。,1472,3,0
100119,3,封神之阶带给你的荣耀。,1472,2,0
100120,3,封神之阶带给你的荣耀。,1472,2,0
100121,3,封神之阶带给你的荣耀。,1472,2,0
100122,3,封神之阶带给你的荣耀。,1472,2,0
100123,3,封神之阶带给你的荣耀。,1472,1,0
100124,3,封神之阶带给你的荣耀。,1472,1,0
100125,3,封神之阶带给你的荣耀。,1472,1,0
100126,3,封神之阶带给你的荣耀。,1472,1,0
100127,3,封神之阶带给你的荣耀。,1472,1,0
101001,6,成功领取VIP礼包奖励！,10100,0,0
101002,0,成功领取VIP礼包奖励！,1,20000,0
101003,0,成功领取VIP礼包奖励！,101,20,0
101004,0,成功领取VIP礼包奖励！,102,10,0
101005,0,成功领取VIP礼包奖励！,2,100,0
101022,0,成功领取VIP礼包奖励！,1,60000,0
101023,3,成功领取VIP礼包奖励！,1209,1,0
101024,0,成功领取VIP礼包奖励！,101,40,0
101025,0,成功领取VIP礼包奖励！,102,20,0
101026,0,成功领取VIP礼包奖励！,201,2,0
101027,0,成功领取VIP礼包奖励！,6,5,0
101028,0,成功领取VIP礼包奖励！,5,1,0
101029,0,成功领取VIP礼包奖励！,205,2,0
101041,6,成功领取VIP礼包奖励！,10094,0,0
101042,0,成功领取VIP礼包奖励！,1,120000,0
101043,3,成功领取VIP礼包奖励！,1209,2,0
101044,3,成功领取VIP礼包奖励！,1210,2,0
101045,2,成功领取VIP礼包奖励！,2052,50,0
101062,0,成功领取VIP礼包奖励！,1,200000,0
101063,3,成功领取VIP礼包奖励！,1208,1,0
101064,0,成功领取VIP礼包奖励！,101,120,0
101065,0,成功领取VIP礼包奖励！,102,30,0
101066,0,成功领取VIP礼包奖励！,103,20,0
101067,0,成功领取VIP礼包奖励！,6,5,0
101068,0,成功领取VIP礼包奖励！,5,1,0
101069,0,成功领取VIP礼包奖励！,208,2,0
101081,6,成功领取VIP礼包奖励！,10229,0,0
101082,0,成功领取VIP礼包奖励！,1,640000,0
101083,3,成功领取VIP礼包奖励！,1208,2,0
101084,0,成功领取VIP礼包奖励！,6,5,0
101085,3,成功领取VIP礼包奖励！,1210,4,0
101102,3,成功领取VIP礼包奖励！,1207,2,0
101103,0,成功领取VIP礼包奖励！,5,1,0
101104,2,成功领取VIP礼包奖励！,2052,200,0
101105,0,成功领取VIP礼包奖励！,205,5,0
101106,0,成功领取VIP礼包奖励！,108,5,0
101107,0,成功领取VIP礼包奖励！,109,5,0
101108,0,成功领取VIP礼包奖励！,110,5,0
101109,0,成功领取VIP礼包奖励！,111,5,0
101121,6,成功领取VIP礼包奖励！,10066,0,0
101122,0,成功领取VIP礼包奖励！,1,1500000,0
101123,3,成功领取VIP礼包奖励！,1236,2,0
101124,0,成功领取VIP礼包奖励！,103,40,0
101125,0,成功领取VIP礼包奖励！,106,3,0
101142,0,成功领取VIP礼包奖励！,1,3000000,0
101143,3,成功领取VIP礼包奖励！,1237,2,0
101144,0,成功领取VIP礼包奖励！,5,1,0
101145,0,成功领取VIP礼包奖励！,208,5,0
101146,0,成功领取VIP礼包奖励！,108,5,0
101147,0,成功领取VIP礼包奖励！,109,5,0
101148,0,成功领取VIP礼包奖励！,110,5,0
101149,0,成功领取VIP礼包奖励！,111,5,0
101161,6,成功领取VIP礼包奖励！,10065,0,0
101162,0,成功领取VIP礼包奖励！,106,3,0
101163,0,成功领取VIP礼包奖励！,107,1,0
101164,0,成功领取VIP礼包奖励！,5,1,0
101165,2,成功领取VIP礼包奖励！,2052,400,0
101181,6,成功领取VIP礼包奖励！,10072,0,0
101182,0,成功领取VIP礼包奖励！,105,40,0
101183,0,成功领取VIP礼包奖励！,107,2,0
101184,0,成功领取VIP礼包奖励！,5,1,0
101185,0,成功领取VIP礼包奖励！,208,8,0
101201,6,成功领取VIP礼包奖励！,10076,0,0
101202,0,成功领取VIP礼包奖励！,106,5,0
101203,0,成功领取VIP礼包奖励！,107,2,0
101204,3,成功领取VIP礼包奖励！,1232,2,0
101205,0,成功领取VIP礼包奖励！,5,1,0
101221,6,成功领取VIP礼包奖励！,10248,0,0
101222,3,成功领取VIP礼包奖励！,1232,2,0
101223,0,成功领取VIP礼包奖励！,208,10,0
101224,0,成功领取VIP礼包奖励！,5,1,0
101225,2,成功领取VIP礼包奖励！,2052,1000,0
101241,6,成功领取VIP礼包奖励！,10249,0,0
101242,0,成功领取VIP礼包奖励！,106,5,0
101243,0,成功领取VIP礼包奖励！,107,2,0
101244,0,成功领取VIP礼包奖励！,105,50,0
101245,0,成功领取VIP礼包奖励！,5,1,0
101261,6,成功领取VIP礼包奖励！,10250,0,0
101262,0,成功领取VIP礼包奖励！,106,5,0
101263,0,成功领取VIP礼包奖励！,107,2,0
101264,0,成功领取VIP礼包奖励！,5,1,0
101265,0,成功领取VIP礼包奖励！,208,15,0
101281,6,成功领取VIP礼包奖励！,10251,0,0
101282,0,成功领取VIP礼包奖励！,106,5,0
101283,0,成功领取VIP礼包奖励！,107,5,0
101284,0,成功领取VIP礼包奖励！,5,1,0
101285,2,成功领取VIP礼包奖励！,2052,2500,0
101300,0,,301,2,0
101301,0,,101,10,0
101302,3,,1212,1,0
101303,0,,3,100,0
101304,6,,10039,0,0
102001,0,你的成就被世人传颂！,2,10,0
102002,0,你的成就被世人传颂！,2,10,0
102003,0,你的成就被世人传颂！,2,10,0
102004,0,你的成就被世人传颂！,2,10,0
102005,0,你的成就被世人传颂！,2,10,0
102006,0,你的成就被世人传颂！,2,10,0
102007,0,你的成就被世人传颂！,2,10,0
102008,0,你的成就被世人传颂！,205,1,0
102009,0,你的成就被世人传颂！,3,150,0
102010,0,你的成就被世人传颂！,3,200,0
102011,0,你的成就被世人传颂！,3,300,0
102012,0,你的成就被世人传颂！,6,1,0
102013,0,你的成就被世人传颂！,6,2,0
102014,0,你的成就被世人传颂！,5,1,0
102015,0,你的成就被世人传颂！,3,100,0
102016,0,你的成就被世人传颂！,3,150,0
102017,0,你的成就被世人传颂！,3,200,0
102018,0,你的成就被世人传颂！,5,1,0
102201,0,你的成就被世人传颂！,2,10,0
102202,0,你的成就被世人传颂！,2,20,0
102203,0,你的成就被世人传颂！,2,30,0
102204,0,你的成就被世人传颂！,2,40,0
102205,0,你的成就被世人传颂！,2,50,0
102206,0,你的成就被世人传颂！,2,60,0
102207,0,你的成就被世人传颂！,2,70,0
102208,0,你的成就被世人传颂！,2,80,0
102209,0,你的成就被世人传颂！,2,90,0
102210,0,你的成就被世人传颂！,2,100,0
102211,0,你的成就被世人传颂！,2,110,0
102212,0,你的成就被世人传颂！,2,120,0
102213,0,你的成就被世人传颂！,2,130,0
102214,0,你的成就被世人传颂！,2,140,0
102215,0,你的成就被世人传颂！,2,150,0
102216,0,你的成就被世人传颂！,2,160,0
102217,0,你的成就被世人传颂！,2,170,0
102301,0,你的成就被世人传颂！,1,220000,0
102302,0,你的成就被世人传颂！,5,1,0
102303,6,你的成就被世人传颂！,10211,0,0
102304,0,你的成就被世人传颂！,1,12000000,0
102305,6,你的成就被世人传颂！,10228,0,0
102306,0,你的成就被世人传颂！,1,36000000,0
102307,0,你的成就被世人传颂！,6,3,0
102308,6,你的成就被世人传颂！,10062,0,0
102309,0,你的成就被世人传颂！,2,10,0
102310,0,你的成就被世人传颂！,3,30,0
120009,0,你经过艰难的努力终于获得了巨魔雕像,5,1,0
901001,6,获得佣兵:主角1,1001,0,0
901002,6,获得佣兵:主角2,1002,0,0
901003,6,获得佣兵:主角3,1003,0,0
901004,6,获得佣兵:主角4,1004,0,0
901005,6,获得佣兵:主角5,1005,0,0
901006,6,获得佣兵:主角6,1006,0,0
910001,6,获得佣兵:雷克萨,10001,0,0
910002,6,获得佣兵:莉莉,10002,0,0
910003,6,获得佣兵:克罗达斯,10003,0,0
910004,6,获得佣兵:艾丽娜,10004,0,0
910005,6,获得佣兵:守护士兵,10005,0,0
910006,6,获得佣兵:利刃狂战士,10006,0,0
910007,6,获得佣兵:持刀护卫,10007,0,0
910008,6,获得佣兵:静怡守卫,10008,0,0
910009,6,获得佣兵:黑盾武士,10009,0,0
910010,6,获得佣兵:无垢者,10010,0,0
910011,6,获得佣兵:长弓射手,10011,0,0
910012,6,获得佣兵:魔法学徒,10012,0,0
910013,6,获得佣兵:可爱的小男孩,10013,0,0
910014,6,获得佣兵:路边的小女孩,10014,0,0
910015,6,获得佣兵:努力的平凡人,10015,0,0
910016,6,获得佣兵:拐杖老者,10016,0,0
910017,6,获得佣兵:闲逛婆婆,10017,0,0
910018,6,获得佣兵:女佣,10018,0,0
910019,6,获得佣兵:滑稽小丑,10019,0,0
910020,6,获得佣兵:酒馆兔女郎A,10020,0,0
910021,6,获得佣兵:酒馆兔女郎B,10021,0,0
910022,6,获得佣兵:酒馆兔女郎C,10022,0,0
910023,6,获得佣兵:酒馆兔女郎D,10023,0,0
910024,6,获得佣兵:皇家女仆,10024,0,0
910025,6,获得佣兵:天才少年凯,10025,0,0
910026,6,获得佣兵:苏罗斯,10026,0,0
910027,6,获得佣兵:异国传教士,10027,0,0
910028,6,获得佣兵:土豪,10028,0,0
910029,6,获得佣兵:不起眼的青年,10029,0,0
910030,6,获得佣兵:圣诞老人,10030,0,0
910031,6,获得佣兵:认真的小女孩,10031,0,0
910032,6,获得佣兵:圣诞驯鹿,10032,0,0
910033,6,获得佣兵:圣诞杂耍者,10033,0,0
910034,6,获得佣兵:丛林密语者,10034,0,0
910035,6,获得佣兵:恐怖毒尾蝎,10035,0,0
910036,6,获得佣兵:黑色屠杀者,10036,0,0
910037,6,获得佣兵:火山怒龙,10037,0,0
910038,6,获得佣兵:疾风怒龙,10038,0,0
910039,6,获得佣兵:冰封怒龙,10039,0,0
910040,6,获得佣兵:超能力小孩,10040,0,0
910041,6,获得佣兵:真·兰斯洛特,10041,0,0
910042,6,获得佣兵:行者武松,10042,0,0
910043,6,获得佣兵:貂蝉,10043,0,0
910044,6,获得佣兵:乱马·男,10044,0,0
910045,6,获得佣兵:关云长,10045,0,0
910046,6,获得佣兵:都敏俊,10046,0,0
910047,6,获得佣兵:桂小太郎,10047,0,0
910048,6,获得佣兵:吕奉先,10048,0,0
910049,6,获得佣兵:柯南,10049,0,0
910050,6,获得佣兵:凹巴马,10050,0,0
910051,6,获得佣兵:黄忠,10051,0,0
910052,6,获得佣兵:张翼德,10052,0,0
910053,6,获得佣兵:丹妮莉丝,10053,0,0
910054,6,获得佣兵:路西法,10054,0,0
910055,6,获得佣兵:赵子龙,10055,0,0
910056,6,获得佣兵:美杜莎,10056,0,0
910057,6,获得佣兵:宫本武藏,10057,0,0
910058,6,获得佣兵:甄姬,10058,0,0
910059,6,获得佣兵:啦哆B梦,10059,0,0
910060,6,获得佣兵:马超,10060,0,0
910061,6,获得佣兵:热焰火精灵,10061,0,0
910062,6,获得佣兵:亚瑟,10062,0,0
910063,6,获得佣兵:哈桑萨巴赫,10063,0,0
910064,6,获得佣兵:高文,10064,0,0
910065,6,获得佣兵:织田信长,10065,0,0
910066,6,获得佣兵:海格利斯,10066,0,0
910067,6,获得佣兵:伊斯力,10067,0,0
910068,6,获得佣兵:奥丁,10068,0,0
910069,6,获得佣兵:C.C,10069,0,0
910070,6,获得佣兵:魔神撒旦,10070,0,0
910071,6,获得佣兵:卓戈卡奥,10071,0,0
910072,6,获得佣兵:圣女贞德,10072,0,0
910073,6,获得佣兵:元首,10073,0,0
910074,6,获得佣兵:尼基塔米亚,10074,0,0
910075,6,获得佣兵:星美451,10075,0,0
910076,6,获得佣兵:鲁路修,10076,0,0
910077,6,获得佣兵:结城·明日奈,10077,0,0
910078,6,获得佣兵:武田信玄,10078,0,0
910079,6,获得佣兵:史莱姆,10079,0,0
910080,6,获得佣兵:绵羊,10080,0,0
910081,6,获得佣兵:老鼠,10081,0,0
910082,6,获得佣兵:黄蜂,10082,0,0
910083,6,获得佣兵:光之祭司,10083,0,0
910084,6,获得佣兵:森林座狼,10084,0,0
910085,6,获得佣兵:撕咬蜘蛛,10085,0,0
910086,6,获得佣兵:风蛇,10086,0,0
910087,6,获得佣兵:厄运花,10087,0,0
910088,6,获得佣兵:人族步兵,10088,0,0
910089,6,获得佣兵:喵星人,10089,0,0
910090,6,获得佣兵:汪星人,10090,0,0
910091,6,获得佣兵:剧毒史莱姆,10091,0,0
910092,6,获得佣兵:吸血蝙蝠,10092,0,0
910093,6,获得佣兵:千颂伊,10093,0,0
910094,6,获得佣兵:信仰战,10094,0,0
910095,6,获得佣兵:武僧,10095,0,0
910096,6,获得佣兵:寇马克,10096,0,0
910097,6,获得佣兵:林登,10097,0,0
910098,6,获得佣兵:艾琳娜,10098,0,0
910099,6,获得佣兵:魅魔,10099,0,0
910100,6,获得佣兵:宁采臣,10100,0,0
910101,6,获得佣兵:聂小倩,10101,0,0
910102,6,获得佣兵:潘凤,10102,0,0
910103,6,获得佣兵:曹性,10103,0,0
910104,6,获得佣兵:夏侯恩,10104,0,0
910105,6,获得佣兵:法爷,10105,0,0
910106,6,获得佣兵:亚里士多德,10106,0,0
910107,6,获得佣兵:雷锋,10107,0,0
910108,6,获得佣兵:莉娜,10108,0,0
910109,6,获得佣兵:油腻的师姐,10109,0,0
910110,6,获得佣兵:刚哥,10110,0,0
910111,6,获得佣兵:魔化小男孩,10111,0,0
910112,6,获得佣兵:魔化小女孩,10112,0,0
910113,6,获得佣兵:魔化男孩,10113,0,0
910114,6,获得佣兵:魔化女孩,10114,0,0
910115,6,获得佣兵:魔化妇女,10115,0,0
910116,6,获得佣兵:魔化老头,10116,0,0
910117,6,获得佣兵:魔化老太,10117,0,0
910118,6,获得佣兵:魔化商人,10118,0,0
910119,6,获得佣兵:魔化修女,10119,0,0
910120,6,获得佣兵:魔化神父,10120,0,0
910121,6,获得佣兵:魔化土豪,10121,0,0
910122,6,获得佣兵:魔化铁匠,10122,0,0
910123,6,获得佣兵:魔化祭司,10123,0,0
910124,6,获得佣兵:魔化长老,10124,0,0
910125,6,获得佣兵:骷髅兵,10125,0,0
910126,6,获得佣兵:地精,10126,0,0
910127,6,获得佣兵:剧毒食人花,10127,0,0
910128,6,获得佣兵:沉默的羔羊,10128,0,0
910129,6,获得佣兵:奶牛,10129,0,0
910130,6,获得佣兵:棕色老马,10130,0,0
910201,6,获得佣兵:服部半藏,10201,0,0
910202,6,获得佣兵:钢锻精英卫士,10202,0,0
910203,6,获得佣兵:达罗斯米亚,10203,0,0
910204,6,获得佣兵:洛基,10204,0,0
910205,6,获得佣兵:土方十四郎,10205,0,0
910206,6,获得佣兵:梅林,10206,0,0
910207,6,获得佣兵:美狄亚,10207,0,0
910208,6,获得佣兵:破甲者比亚,10208,0,0
910209,6,获得佣兵:托比·托普兰,10209,0,0
910210,6,获得佣兵:历来米亚,10210,0,0
910211,6,获得佣兵:大乔,10211,0,0
910212,6,获得佣兵:蕾见不二子,10212,0,0
910213,6,获得佣兵:沐丝,10213,0,0
910214,6,获得佣兵:九能带刀,10214,0,0
910215,6,获得佣兵:天道茜,10215,0,0
910216,6,获得佣兵:乱马·女,10216,0,0
910217,6,获得佣兵:迪卢木多,10217,0,0
910218,6,获得佣兵:爵士凯,10218,0,0
910219,6,获得佣兵:范海辛,10219,0,0
910220,6,获得佣兵:持镰执行者,10220,0,0
910221,6,获得佣兵:兰斯洛特,10221,0,0
910222,6,获得佣兵:响良牙,10222,0,0
910223,6,获得佣兵:花和尚鲁智深,10223,0,0
910224,6,获得佣兵:郭嘉,10224,0,0
910225,6,获得佣兵:比尔博巴金斯,10225,0,0
910226,6,获得佣兵:奥村磷,10226,0,0
910227,6,获得佣兵:坂本辰马,10227,0,0
910228,6,获得佣兵:胖胖胖,10228,0,0
910229,6,获得佣兵:大天使米色尔,10229,0,0
910230,6,获得佣兵:奶茶妹,10230,0,0
910231,6,获得佣兵:神乐,10231,0,0
910232,6,获得佣兵:特里斯坦,10232,0,0
910233,6,获得佣兵:柳生十兵卫,10233,0,0
910234,6,获得佣兵:阿鲁克迪斯,10234,0,0
910235,6,获得佣兵:金龙阿雷撒,10235,0,0
910236,6,获得佣兵:吉尔伽美什,10236,0,0
910237,6,获得佣兵:觉醒的薰,10237,0,0
910238,6,获得佣兵:坂田银时,10238,0,0
910239,6,获得佣兵:大刑天,10239,0,0
910240,6,获得佣兵:圣龙纳多,10240,0,0
910241,6,获得佣兵:高杉晋助,10241,0,0
910242,6,获得佣兵:魔山格雷果,10242,0,0
910243,6,获得佣兵:戒灵,10243,0,0
910244,6,获得佣兵:戒灵王,10244,0,0
910245,6,获得佣兵:捕鲸,10245,0,0
910246,6,获得佣兵:神关羽,10246,0,0
910247,6,获得佣兵:神张飞,10247,0,0
910248,6,获得佣兵:蜀王刘备,10248,0,0
910249,6,获得佣兵:亚瑟·戴恩,10249,0,0
910250,6,获得佣兵:盖亚,10250,0,0
910251,6,获得佣兵:魔化吕布,10251,0,0
910252,6,获得佣兵:志村新八,10252,0,0
910253,6,获得佣兵:志村妙,10253,0,0
910254,6,获得佣兵:艾锐尔米亚,10254,0,0
910255,6,获得佣兵:小乔,10255,0,0
910256,6,获得佣兵:托尔,10256,0,0
910257,6,获得佣兵:黑龙奥萨拉,10257,0,0
910258,6,获得佣兵:真·亚瑟,10258,0,0
910259,6,获得佣兵:羊咩咩,10259,0,0
910260,6,获得佣兵:大白,10260,0,0
910261,6,获得佣兵:路飞,10261,0,0
910262,6,获得佣兵:娜美,10262,0,0
910263,6,获得佣兵:索隆,10263,0,0
910264,6,获得佣兵:山治,10264,0,0
910265,6,获得佣兵:白胡子,10265,0,0
910266,6,获得佣兵:犬冢牙,10266,0,0
910267,6,获得佣兵:日向雏田,10267,0,0
910268,6,获得佣兵:春野樱,10268,0,0
910269,6,获得佣兵:漩涡鸣人,10269,0,0
910270,6,获得佣兵:宇智波佐助,10270,0,0
910271,6,获得佣兵:宇智波鼬,10271,0,0
910272,6,获得佣兵:迪达拉,10272,0,0
910273,6,获得佣兵:赤砂之蝎,10273,0,0
910274,6,获得佣兵:干柿鬼鲛,10274,0,0
910275,6,获得佣兵:乔巴,10275,0,0
910276,6,获得佣兵:美国队长,10276,0,0
910277,6,获得佣兵:钢铁侠,10277,0,0
910278,6,获得佣兵:绿巨人,10278,0,0
910279,6,获得佣兵:雷神索尔,10279,0,0
910280,6,获得佣兵:黑寡妇,10280,0,0
910284,6,你名满天下，佣兵因仰慕你而加入了队伍。,10284,0,0
910285,6,你名满天下，佣兵因仰慕你而加入了队伍。,10285,0,0
910286,6,你名满天下，佣兵因仰慕你而加入了队伍。,10286,0,0
910287,6,你名满天下，佣兵因仰慕你而加入了队伍。,10287,0,0
916201,6,获得佣兵:黑铁魔像,16201,0,0
916202,6,获得佣兵:狩猎团,16202,0,0
916203,6,获得佣兵:深红之王,16203,0,0
916204,6,获得佣兵:琉璃之王,16204,0,0
916205,6,获得佣兵:光之王,16205,0,0
916206,6,获得佣兵:影之王,16206,0,0
918001,6,获得佣兵:BOSS1,18001,0,0
918002,6,获得佣兵:BOSS2,18002,0,0
918003,6,获得佣兵:BOSS3,18003,0,0
918004,6,获得佣兵:BOSS4,18004,0,0
918005,6,获得佣兵:BOSS5,18005,0,0
918006,6,获得佣兵:BOSS6,18006,0,0
918007,6,获得佣兵:BOSS7,18007,0,0
918008,6,获得佣兵:BOSS8,18008,0,0
918009,6,获得佣兵:虚空星兽,18009,0,0
918010,6,获得佣兵:混沌领主,18010,0,0
918011,6,获得佣兵:始祖魔物,18011,0,0
918012,6,获得佣兵:海神利威亚桑,18012,0,0
951001,6,获得佣兵:魔化村民,51001,0,0
951002,6,获得佣兵:贝拉,51002,0,0
951004,6,获得佣兵:穴居恶魔,51004,0,0
951005,6,获得佣兵:森林座狼,51005,0,0
951007,6,获得佣兵:怪物2,51007,0,0
951033,6,获得佣兵:怪物28,51033,0,0
951035,6,获得佣兵:怪物30,51035,0,0
951036,6,获得佣兵:怪物31,51036,0,0
951039,6,获得佣兵:怪物34,51039,0,0
951042,6,获得佣兵:怪物37,51042,0,0
951044,6,获得佣兵:怪物39,51044,0,0
951045,6,获得佣兵:怪物40,51045,0,0
951046,6,获得佣兵:怪物41,51046,0,0
951047,6,获得佣兵:怪物42,51047,0,0
951048,6,获得佣兵:怪物43,51048,0,0
951049,6,获得佣兵:怪物44,51049,0,0
951050,6,获得佣兵:怪物45,51050,0,0
951055,6,获得佣兵:怪物50,51055,0,0
951056,6,获得佣兵:怪物51,51056,0,0
951058,6,获得佣兵:怪物53,51058,0,0
951059,6,获得佣兵:怪物54,51059,0,0
951060,6,获得佣兵:怪物55,51060,0,0
951061,6,获得佣兵:怪物56,51061,0,0
951062,6,获得佣兵:怪物57,51062,0,0
951064,6,获得佣兵:怪物59,51064,0,0
951066,6,获得佣兵:怪物61,51066,0,0
951067,6,获得佣兵:怪物62,51067,0,0
951068,6,获得佣兵:怪物63,51068,0,0
951069,6,获得佣兵:怪物64,51069,0,0
951070,6,获得佣兵:怪物65,51070,0,0
951071,6,获得佣兵:怪物66,51071,0,0
951072,6,获得佣兵:怪物67,51072,0,0
951073,6,获得佣兵:怪物68,51073,0,0
951074,6,获得佣兵:怪物69,51074,0,0
951075,6,获得佣兵:怪物70,51075,0,0
951076,6,获得佣兵:怪物71,51076,0,0
951077,6,获得佣兵:怪物72,51077,0,0
951129,6,获得佣兵:怪物124,51129,0,0
951131,6,获得佣兵:怪物路西法,51131,0,0
951132,6,获得佣兵:大天使,51132,0,0
951133,6,获得佣兵:万物初始,51133,0,0
951134,6,获得佣兵:初始凶兽,51134,0,0
951135,6,获得佣兵:碧蓝幼龙,51135,0,0
951136,6,获得佣兵:神殿守卫,51136,0,0
951137,6,获得佣兵:奥黛雷赫,51137,0,0
951138,6,获得佣兵:怪物67,51138,0,0
951139,6,获得佣兵:始祖鱼人,51139,0,0
951140,6,获得佣兵:迷之首领,51140,0,0
951141,6,获得佣兵:迷之魔物,51141,0,0
951142,6,获得佣兵:魔王,51142,0,0
951143,6,获得佣兵:杰克船长,51143,0,0
951144,6,获得佣兵:杰克船长2,51144,0,0
951145,6,获得佣兵:彪悍的厨师,51145,0,0
951146,6,获得佣兵:准入系统,51146,0,0
951147,6,获得佣兵:趁火打劫,51147,0,0
1234567,0,你用胶水粘合了这些碎片，合成了一个巨魔雕像（一定不会脱落的，嗯）。,5,1,0
1234568,0,背包优化补偿。,2,1,0
1234569,0,合成了钻石。,106,1,0
1234570,0,合成了泰坦铁。,107,1,0
1234571,0,你用胶水粘合了这些碎片，合成了红水晶（一定不会脱落的，嗯）。,112,1,0
1234572,0,你用胶水粘合了这些碎片，合成了绿水晶（一定不会脱落的，嗯）。,113,1,0
1234573,0,你用胶水粘合了这些碎片，合成了黄水晶（一定不会脱落的，嗯）。,114,1,0
1234574,0,你用胶水粘合了这些碎片，合成了紫水晶（一定不会脱落的，嗯）。,115,1,0
1234575,0,冒险者们的背包焕然一新啦~物品可以叠加，免费开启了更多的储存空间！额外送上1级的老背包补偿。,2,50,0
1234576,0,冒险者们的背包焕然一新啦~物品可以叠加，免费开启了更多的储存空间！额外送上2级的老背包补偿。,2,55,0
1234577,0,冒险者们的背包焕然一新啦~物品可以叠加，免费开启了更多的储存空间！额外送上3级的老背包补偿。,2,65,0
1234578,0,冒险者们的背包焕然一新啦~物品可以叠加，免费开启了更多的储存空间！额外送上4级的老背包补偿。,2,75,0
1234579,0,冒险者们的背包焕然一新啦~物品可以叠加，免费开启了更多的储存空间！额外送上5级的老背包补偿。,2,85,0
1234580,0,冒险者们的背包焕然一新啦~物品可以叠加，免费开启了更多的储存空间！额外送上6级的老背包补偿。,2,95,0
1234581,0,冒险者们的背包焕然一新啦~物品可以叠加，免费开启了更多的储存空间！额外送上7级的老背包补偿。,2,110,0
1234582,0,冒险者们的背包焕然一新啦~物品可以叠加，免费开启了更多的储存空间！额外送上8级的老背包补偿。,2,125,0
1234583,0,冒险者们的背包焕然一新啦~物品可以叠加，免费开启了更多的储存空间！额外送上9级的老背包补偿。,2,140,0
1234584,0,冒险者们的背包焕然一新啦~物品可以叠加，免费开启了更多的储存空间！额外送上10级的老背包补偿。,2,155,0
1234585,0,冒险者们的背包焕然一新啦~物品可以叠加，免费开启了更多的储存空间！额外送上11级的老背包补偿。,2,175,0
1234586,0,冒险者们的背包焕然一新啦~物品可以叠加，免费开启了更多的储存空间！额外送上12级的老背包补偿。,2,195,0
1234587,0,冒险者们的背包焕然一新啦~物品可以叠加，免费开启了更多的储存空间！额外送上13级的老背包补偿。,2,215,0
1234588,0,冒险者们的背包焕然一新啦~物品可以叠加，免费开启了更多的储存空间！额外送上14级的老背包补偿。,2,235,0
1234589,0,冒险者们的背包焕然一新啦~物品可以叠加，免费开启了更多的储存空间！额外送上15级的老背包补偿。,2,260,0
1234590,0,冒险者们的背包焕然一新啦~物品可以叠加，免费开启了更多的储存空间！额外送上16级的老背包补偿。,2,285,0
1234591,0,冒险者们的背包焕然一新啦~物品可以叠加，免费开启了更多的储存空间！额外送上17级的老背包补偿。,2,310,0
1234592,0,冒险者们的背包焕然一新啦~物品可以叠加，免费开启了更多的储存空间！额外送上18级的老背包补偿。,2,340,0
1234593,0,冒险者们的背包焕然一新啦~物品可以叠加，免费开启了更多的储存空间！额外送上19级的老背包补偿。,2,370,0
1234594,0,冒险者们的背包焕然一新啦~物品可以叠加，免费开启了更多的储存空间！额外送上20级的老背包补偿。,2,400,0
1234595,7,你扫清了通路的障碍，从此贸易队可以顺利安全的抵达基地了。（开启20关后的宝箱都有几率获得更高级贸易队的造访！）,15,0,0
1234596,0,你用胶水粘合了这些碎片，合成了红宝石（一定不会脱落的，嗯）。,108,1,0
1234597,0,你用胶水粘合了这些碎片，合成了绿宝石（一定不会脱落的，嗯）。,110,1,0
1234598,0,你用胶水粘合了这些碎片，合成了黄宝石（一定不会脱落的，嗯）。,111,1,0
1234599,0,你用胶水粘合了这些碎片，合成了紫宝石（一定不会脱落的，嗯）。,109,1,0
1234600,5,你看到了发光的出口，但谁知道这是否又是通向另一个秘境的入口呢？,1,0,0
1234601,3,“冒险家，这块碎片你拿着，或许会对你有所帮助”，秘境使者说完，便消失在了迷雾之中。,12348,1,0
1234602,3,“冒险家，这块碎片你拿着，或许会对你有所帮助”，秘境使者说完，便消失在了迷雾之中。,12349,1,0
1234603,3,“冒险家，这块碎片你拿着，或许会对你有所帮助”，秘境使者说完，便消失在了迷雾之中。,12350,1,0
1234604,3,“冒险家，这块碎片你拿着，或许会对你有所帮助”，秘境使者说完，便消失在了迷雾之中。,12351,1,0
1234605,0,然而，秘境使者并没有出现。,5,1,0
1234606,0,然而，秘境使者并没有出现。,5,1,0
1234607,2,这片迷雾让你感受到了真正的力量！战力永久增加（受到主角强化影响）,0,30,0
1234608,2,这片迷雾让你感受到了真正的力量！战力永久增加（受到主角强化影响）,0,35,0
1234609,2,这片迷雾让你感受到了真正的力量！战力永久增加（受到主角强化影响）,0,40,0
1234610,2,这片迷雾让你感受到了真正的力量！战力永久增加（受到主角强化影响）,0,45,0
1234611,2,这片迷雾让你感受到了真正的力量！战力永久增加（受到主角强化影响）,0,50,0
1234612,0,然而，秘境使者并没有出现。,6,1,0
1234613,0,然而，秘境使者并没有出现。,6,2,0
1234614,0,然而，秘境使者并没有出现。,6,3,0
1234615,0,然而，秘境使者并没有出现。,6,4,0
1234616,0,然而，秘境使者并没有出现。,6,5,0
1234617,3,“带上这本书，它会给你带来一些指引”秘境使者的声音在你耳边消散。,12385,1,0
1234618,3,“带上这本书，它会给你带来一些指引”秘境使者的声音在你耳边消散。,12385,2,0
1234619,3,“带上这本书，它会给你带来一些指引”秘境使者的声音在你耳边消散。,12385,3,0
1234620,3,“带上这本书，它会给你带来一些指引”秘境使者的声音在你耳边消散。,12385,4,0
1234621,3,“带上这本书，它会给你带来一些指引”秘境使者的声音在你耳边消散。,12385,5,0
1234622,1,秘境使者很遗憾的摇了摇头，“这些是迷失在这片秘境中的英雄们留下的，你拿走吧”,3,15,20
1234623,1,秘境使者很遗憾的摇了摇头，“这些是迷失在这片秘境中的英雄们留下的，你拿走吧”,3,20,25
1234624,1,秘境使者很遗憾的摇了摇头，“这些是迷失在这片秘境中的英雄们留下的，你拿走吧”,3,25,30
1234625,1,秘境使者很遗憾的摇了摇头，“这些是迷失在这片秘境中的英雄们留下的，你拿走吧”,3,30,35
1234626,1,秘境使者很遗憾的摇了摇头，“这些是迷失在这片秘境中的英雄们留下的，你拿走吧”,3,35,40
1234627,3,“能在这片秘境中相见是一种缘分”秘境使者打量着你“这里有一名英雄一直等待着你的到来。”,1271,1,0
1234628,3,“能在这片秘境中相见是一种缘分”秘境使者打量着你“这里有一名英雄一直等待着你的到来。”,1272,1,0
1234629,3,“能在这片秘境中相见是一种缘分”秘境使者打量着你“这里有一名英雄一直等待着你的到来。”,1273,1,0
1234630,0,秘境使者离开了，你看到他站的地方好像有什么东西在闪烁…,301,1,0
1234631,0,秘境使者离开了，你看到他站的地方好像有什么东西在闪烁…,301,2,0
1234632,0,秘境使者离开了，你看到他站的地方好像有什么东西在闪烁…,301,3,0
1234633,3,经过一番苦战，终于战胜了巨魔，但它的核心也被你打的破碎不堪。,101,1,0
1234634,3,经过一番苦战，终于战胜了巨魔，但它的核心也被你打的破碎不堪。,101,2,0
1234635,3,经过一番苦战，终于战胜了巨魔，但它的核心也被你打的破碎不堪。,101,3,0
1234636,3,经过一番苦战，终于战胜了巨魔，但它的核心也被你打的破碎不堪。,101,4,0
1234637,3,经过一番苦战，终于战胜了巨魔，但它的核心也被你打的破碎不堪。,101,5,0
1234638,0,你消灭了巨魔石像，搜索后找到了一个保存完好的巨魔雕像这似乎是这个怪物的核心。,5,1,0
1234639,3,刚要迈步时，却发现地上有一个小袋子，似乎是匆忙逃窜的守卫们掉落的……,12348,9,0
1234640,1,ummmmm…赤铜色的。,101,45,100
1234641,1,ummmmm…有点剔透。,102,30,75
1234642,1,ummmmm…颜色深沉。,103,20,50
1234643,1,ummmmm…亮白色。,104,15,40
1234644,1,ummmmm…金灿灿的。,105,10,35
1234645,1,ummmmm…透出莹莹红光。,108,3,9
1234646,1,ummmmm…透出紫色的光芒。,109,2,5
1234647,1,ummmmm…绿莹莹。,110,2,5
1234648,1,ummmmm…黄亮黄亮的。,111,2,5
1234649,1,ummmmm…哇！是钻石！,106,1,2
1234650,1,ummmmm…泰坦铁透出浓郁的气息。,107,1,1
1234651,2,测试专用战力,0,10000,0
1234652,2,测试专用战力,0,100000,0
1234653,2,测试专用战力,0,1000000,0
1234654,3,你领取了今天的签到奖励，明天的奖励更丰富哦！,1472,3,0
1234655,7,你发现道路旁有一团迷雾区域，很不自然，好奇的你走了进去……,16,0,0
1234656,0,秘境使者离开了，你看到他站的地方好像有什么东西在闪烁…,301,4,0
1234657,0,秘境使者离开了，你看到他站的地方好像有什么东西在闪烁…,301,5,0
1234658,0,秘境使者离开了，你看到他站的地方好像有什么东西在闪烁…,302,1,0
1234659,0,秘境使者离开了，你看到他站的地方好像有什么东西在闪烁…,302,2,0
1234660,0,秘境使者离开了，你看到他站的地方好像有什么东西在闪烁…,302,3,0
1234661,0,秘境使者离开了，你看到他站的地方好像有什么东西在闪烁…,302,4,0
1234662,0,秘境使者离开了，你看到他站的地方好像有什么东西在闪烁…,302,5,0
1234663,0,秘境使者离开了，你看到他站的地方好像有什么东西在闪烁…,303,1,0
1234664,0,秘境使者离开了，你看到他站的地方好像有什么东西在闪烁…,303,2,0
1234665,0,秘境使者离开了，你看到他站的地方好像有什么东西在闪烁…,303,3,0
1234666,0,秘境使者离开了，你看到他站的地方好像有什么东西在闪烁…,303,4,0
1234667,0,秘境使者离开了，你看到他站的地方好像有什么东西在闪烁…,303,5,0
1234668,0,冒险首次通关奖励测试,3,11,0
1234669,0,秘境首次通关奖励测试,3,11,0
1234670,4,你忽视了其内含的价值…,0,10,0
1234671,3,“能在这片秘境中相见是一种缘分”秘境使者打量着你“这里有一名英雄一直等待着你的到来。”,1271,1,0
1234672,3,“能在这片秘境中相见是一种缘分”秘境使者打量着你“这里有一名英雄一直等待着你的到来。”,1272,1,0
1234673,3,“能在这片秘境中相见是一种缘分”秘境使者打量着你“这里有一名英雄一直等待着你的到来。”,1273,1,0
1234674,4,你从这本厚厚的书中获得了莫大的智慧。,0,500000,0
1234675,0,你打开了袋子，水晶的光泽让你无法转移视线。,112,1,0
1234676,0,你打开了袋子，水晶的光泽让你无法转移视线。,113,1,0
1234677,0,你打开了袋子，水晶的光泽让你无法转移视线。,114,1,0
1234678,0,你打开了袋子，水晶的光泽让你无法转移视线。,115,1,0
1234679,3,你掀开了一页崭新的篇章。,1271,1,0
1234680,3,你掀开了一页崭新的篇章。,1275,5,0
1234681,0,你掀开了一页崭新的篇章。,101,50,0
1234682,3,你掀开了一页崭新的篇章。,5,2,0
1234683,0,你掀开了一页崭新的篇章。,1,3000000,0
1234684,3,你掀开了一页崭新的篇章。,1472,2,0
1234685,3,你掀开了一页崭新的篇章。,1276,5,0
1234686,0,你掀开了一页崭新的篇章。,6,20,0
1234687,3,你掀开了一页崭新的篇章。,1272,1,0
1234688,0,你掀开了一页崭新的篇章。,5,7,0
1234689,0,你掀开了一页崭新的篇章。,3,600,0
1234690,3,你掀开了一页崭新的篇章。,1285,3,0
1234691,3,你掀开了一页崭新的篇章。,1273,1,0
1234692,3,你掀开了一页崭新的篇章。,12386,2,0
1234693,2,你掀开了一页崭新的篇章。,0,4000,0
1234694,3,你掀开了一页崭新的篇章。,1274,1,0
1234695,0,你掀开了一页崭新的篇章。,1,1,0
1234696,0,你掀开了一页崭新的篇章。,1,2,0
1234697,0,你掀开了一页崭新的篇章。,1,3,0
1234698,0,你掀开了一页崭新的篇章。,1,4,0
1234699,0,你掀开了一页崭新的篇章。,1,5,0
1234700,0,你掀开了一页崭新的篇章。,1,6,0
1234701,0,你掀开了一页崭新的篇章。,1,7,0
1234702,0,你掀开了一页崭新的篇章。,1,8,0
1234703,0,你掀开了一页崭新的篇章。,1,9,0
1234704,0,你掀开了一页崭新的篇章。,1,10,0
1234705,0,你掀开了一页崭新的篇章。,1,11,0
1234706,0,你掀开了一页崭新的篇章。,1,12,0
1234707,0,你掀开了一页崭新的篇章。,1,13,0
1234708,0,你掀开了一页崭新的篇章。,1,14,0
1234709,3,你掀开了一页崭新的篇章。,1472,50,0
1234710,3,你掀开了一页崭新的篇章。,12386,5,0
