ID,名字,描述,触发概率,战力触发条件类型枚举,战力触发值,回合触发条件类型枚举,回合触发值,触发次数类型枚举,无视防御,无视闪避,打击效果类型,伤害效果类型枚举,伤害效果值,恢复效果计算类型枚举,恢复效果值,先攻数,防御数,闪避数,王者数,准备阶段,攻击阶段,恢复阶段,图标id
10001,致命射击,20%概率造成120%的伤害。,20,0,0,0,0,2,0,0,1,8,120,0,0,0,0,0,0,,"effect,0,500,1005,jump,300,700,0.5,0.5,charcolor,300,500,255,40,40,150",,9000
10002,剧毒投掷,40%概率造成对方当前战力40%的伤害，每场战斗只能触发1次。,40,0,0,0,0,1,0,0,1,6,40,0,0,0,0,0,0,"break,1200,background,200,2200,10,118,64,100","effect,0,200,1010,shake,100,600,6,charcolor,300,500,0,255,50,150",,9001
10003,安魂曲,20%概率造成135%的伤害。,20,0,0,0,0,2,0,0,1,8,135,0,0,0,0,0,0,,"effect,0,500,1064,expand,300,600,-4,charcolor,400,600,255,40,40,150",,9002
10004,突牙斩,我方战力低于30%时，22%概率暴击，暴击时造成150%的伤害且无视闪避。,22,1,30,0,0,2,0,1,1,8,150,0,0,0,0,0,0,"break,2200,background,200,4200,0,0,0,150","effect,0,500,1005,jump,300,700,0.5,0.5,charcolor,300,500,255,40,40,150",,9003
10005,守护之力,防御等级提高5。,0,0,0,0,0,0,0,0,0,0,0,0,0,0,5,0,0,,,,9004
10006,怒火爆发,我方战力低于5%时，30%概率发动，造成我方已损失战力55%的伤害。,30,1,5,0,0,2,0,0,1,2,55,0,0,0,0,0,0,"break,2200,background,200,4200,255,0,0,100","effect,0,800,1005,jump,300,1000,0.5,0.5,charcolor,300,500,255,40,40,150",,9005
10007,刃击,8%概率造成150%的伤害。,8,0,0,0,0,2,0,0,1,8,150,0,0,0,0,0,0,"break,2200,background,200,4200,0,0,0,150","effect,0,500,1005,jump,300,700,0.5,0.5,charcolor,300,500,255,40,40,150",,9006
10008,自然祝福,13%概率造成100%的伤害，在攻击后恢复12%的我方当前战力。,13,0,0,0,0,2,0,0,3,8,100,3,12,0,0,0,0,,"effect,0,500,1048,shake,200,1000,6,charcolor,500,700,255,40,40,150","effect,0,800,1032",9007
10009,坚固,防御等级提高6。,0,0,0,0,0,0,0,0,0,0,0,0,0,0,6,0,0,,,,9008
10010,无畏打击,4%概率造成200%的伤害。,4,0,0,0,0,2,0,0,1,8,200,0,0,0,0,0,0,,"effect,0,500,1005,jump,300,700,0.5,0.5,charcolor,300,500,255,40,40,150",,9009
10011,要害射击,7%概率暴击，暴击时造成150%的伤害且无视闪避。,7,0,0,0,0,2,0,1,1,8,150,0,0,0,0,0,0,,"effect,0,500,1005,jump,300,700,0.5,0.5,charcolor,300,500,255,40,40,150",,9010
10012,火球术,30%概率造成130%的伤害。,30,0,0,0,0,2,0,0,1,8,130,0,0,0,0,0,0,"break,2200,background,200,4200,255,0,0,150","effect,0,500,1048,shake,200,1000,6,charcolor,500,700,255,40,40,150",,9011
10013,无上破坏力,不要小看熊孩子的破坏力！6%概率造成对方当前战力40%的伤害，每场战斗只能触发1次。,6,0,0,0,0,1,0,0,1,6,40,0,0,0,0,0,0,,"effect,0,500,1048,shake,200,1000,6,charcolor,500,700,255,40,40,150",,9012
10014,闹脾气,不和她玩的话，就会生气哦！100%概率造成101%的伤害。,100,0,0,0,0,2,0,0,1,8,101,0,0,0,0,0,0,,"effect,0,500,1048,shake,200,1000,6,charcolor,500,700,255,40,40,150",,9013
10015,刚毅之志,终身未习得一技之长,,0,0,0,0,0,0,0,0,0,0,0,0,0,0,0,0,,,,9014
10016,感慨人生,4%概率造成100%的伤害，在攻击后恢复10%的我方总战力。,4,0,0,0,0,2,0,0,3,8,100,1,10,0,0,0,0,,"effect,0,500,1064,expand,300,600,-4,charcolor,400,600,255,40,40,150","effect,0,800,1032",9015
10017,无,终身未习得一技之长,,0,0,0,0,0,0,0,0,0,0,0,0,0,0,0,0,,,,9025
10018,效率极高,先攻等级提高6,,0,0,0,0,0,0,0,0,0,0,0,0,6,0,0,0,,,,9017
10019,冷笑话,闪避等级提高4,,0,0,0,0,0,0,0,0,0,0,0,0,0,0,4,0,,,,9018
10020,A之逆袭,4%概率造成180%的伤害。,4,0,0,0,0,2,0,0,1,8,180,0,0,0,0,0,0,"break,2200,background,200,4200,0,0,0,150,effect,600,2000,1046","effect,0,500,1005,jump,300,700,0.5,0.5,charcolor,300,500,255,40,40,150",,9019
10021,暧昧的气氛,10%概率造成100%的伤害，攻击后恢复本次伤害22%的战力。,10,0,0,0,0,2,0,0,3,8,100,7,22,0,0,0,0,"break,2200,background,200,4200,255,0,0,150","effect,0,500,1048,shake,200,1000,6,charcolor,500,700,255,40,40,150","effect,0,800,1032",9020
10024,完美服务,防御等级提高7,,0,0,0,0,0,0,0,0,0,0,0,0,0,7,0,0,,,,9021
10025,天才与白痴,终身未习得一技之长,,0,0,0,0,0,0,0,0,0,0,0,0,0,0,0,0,,,,9022
10026,低买高卖,不要小看商人的破坏力，6%概率暴击，暴击时造成150%的伤害且无视闪避。,6,0,0,0,0,2,0,1,1,8,150,0,0,0,0,0,0,,"effect,0,500,1048,shake,200,1000,4,charcolor,500,700,255,40,40,150",,9023
10027,神迹,闪避等级提高4,,0,0,0,0,0,0,0,0,0,0,0,0,0,0,4,0,,,,9024
10028,一掷千金,6%概率造成对方总战力33%的伤害。,6,0,0,0,0,2,0,0,1,4,33,0,0,0,0,0,0,,"effect,0,500,1005,jump,300,700,0.5,0.5,charcolor,300,500,255,40,40,150",,9025
10029,初级念动力,战斗回合高于14时，100%概率发动，造成对方已损失战力55%的伤害。,100,0,0,1,14,2,0,0,1,5,55,0,0,0,0,0,0,,"effect,0,500,1064,expand,300,600,-4,charcolor,400,600,255,40,40,150",,9026
10030,久违的礼物,10%概率造成145%的伤害。大家都很想要啊！,10,0,0,0,0,2,0,0,1,8,145,0,0,0,0,0,0,,"effect,0,500,1048,shake,200,1000,6,charcolor,500,700,255,40,40,150",,9027
10031,无,终身未习得一技之长,,0,0,0,0,0,0,0,0,0,0,0,0,0,0,0,0,,,,9025
10032,铃铛响,闪避等级提高3,,0,0,0,0,0,0,0,0,0,0,0,0,0,0,3,0,,,,9028
10033,躲飞刀,闪避等级提高5,,0,0,0,0,0,0,0,0,0,0,0,0,0,0,5,0,,,,9029
10034,急速飞奔,先攻等级提高4,,0,0,0,0,0,0,0,0,0,0,0,0,4,0,,0,,,,9030
10035,剧毒撕咬,20%概率造成对方当前战力52%的伤害，每场战斗只能触发1次。,20,0,0,0,0,1,0,0,1,6,52,0,0,0,0,0,0,"break,1200,background,200,2200,10,118,64,100","effect,0,500,1002,jump,300,1300,1.5,2,charcolor,300,1200,255,40,40,150",,9031
10036,静脉切割,12%概率暴击，暴击时造成150%的伤害且无视闪避。,12,0,0,0,0,2,0,1,1,8,150,0,0,0,0,0,0,"break,2200,background,200,4200,255,0,0,100","effect,0,500,1005,jump,300,700,0.5,0.5,charcolor,300,500,255,40,40,150",,9032
10037,熔岩爆裂,8%概率造成205%的伤害。,8,0,0,0,0,2,0,0,1,8,205,0,0,0,0,0,0,"break,2200,background,200,4200,255,0,0,100","effect,0,500,1048,shake,200,1000,6,charcolor,500,700,255,40,40,150",,9033
10038,疾风突袭,先攻等级提高7,,0,0,0,0,0,0,0,0,0,0,0,0,7,0,0,0,,,,9034
10039,冰封防御,防御等级提高9,,0,0,0,0,0,0,0,0,0,0,0,0,0,9,0,0,,,,9035
10040,残影,闪避等级提高6,,0,0,0,0,0,0,0,0,0,0,0,0,0,0,6,0,,,,9036
10041,剑之禁断,对方战力低于50%时，6%概率发动，造成100%的伤害，在攻击后恢复我方战力，值为5%的对方总战力。,6,2,50,,,2,,,3,8,100,4,5,,,,,"break,2200,background,200,4200,0,0,0,150,background,600,2000,1013","effect,0,500,1048,shake,200,1000,6,charcolor,500,700,255,40,40,150","effect,0,800,1032",9037
10042,虎威棒,10%概率暴击，暴击时造成160%的伤害且无视闪避。,10,,,,,2,,1,1,8,160,,,,,,,,"effect,0,500,1064,expand,300,600,-4,charcolor,400,600,255,40,40,150",,9038
10043,灵动流光,先攻等级提高10,,,,,,0,,,0,,,,,10,,,,,,,9039
10044,飞龙升天破,我方战力低于50%时，26%概率造成150%的伤害。,26,1,50,,,2,,,1,8,150,,,,,,,"break,2200,background,200,4200,0,0,0,150,effect,600,2000,1046","effect,0,1000,1025,jump,300,700,0.5,0.5,charcolor,300,500,255,40,40,150",,9040
10045,半月斩,19%概率造成155%的伤害,19,,,,,2,,,1,8,155,,,,,,,"break,2200,background,200,4200,0,0,0,150,effect,600,2000,1046","effect,0,500,1064,expand,300,600,-4,charcolor,400,600,255,40,40,150",,9041
10046,时间停止  ,2%概率暴击，暴击时造成295%的伤害且无视闪避，每场战斗只能触发1次。,2,,,,,1,,1,1,8,295,,,,,,,"break,2200,background,200,4200,0,0,0,150,effect,600,2000,1046","effect,0,500,1005,jump,300,700,0.5,0.5,charcolor,300,500,255,40,40,150",,9042
10047,不是假发,我方战力低于30%时，15%概率发动，造成我方已损失战力55%的伤害。,15,1,30,,,2,,,1,2,55,,,,,,,,"effect,0,200,1010,shake,100,600,6,charcolor,300,500,0,255,50,150",,9043
10048,大神无双,30%概率造成160%的伤害,30,,,,,2,,,1,8,160,,,,,,,"break,2200,background,200,4200,0,0,0,150,effect,600,2000,1046","effect,0,1000,1025,jump,300,700,0.5,0.5,charcolor,300,500,255,40,40,150",,9044
10049,真相只有一个,战斗回合高于5时，16%概率发动，造成我方已损失战力50%的伤害。,16,,,1,5,2,,,1,2,50,,,,,,,"break,2200,background,200,4200,0,0,0,150","effect,0,500,1005,jump,300,700,0.5,0.5,charcolor,300,500,255,40,40,150",,9045
10050,打你咋地,10%概率造成210%的伤害,10,,,,,2,,,1,8,210,,,,,,,"break,2200,background,200,4200,0,0,0,150,effect,600,2000,1046","effect,0,500,1002,jump,300,1300,1.5,2,charcolor,300,1200,255,40,40,150",,9046
10051,落日流星,5%概率暴击，暴击时造成190%的伤害且无视闪避。,5,,,,,2,,1,1,8,190,,,,,,,"break,2200,background,200,4200,0,0,0,150,effect,600,2000,1046","effect,0,500,1064,expand,300,600,-4,charcolor,400,600,255,40,40,150",,9047
10052,破胆怒啸,对方战力低于65%时，3%概率造成320%的伤害,3,2,65,,,2,,,1,8,320,,,,,,,,"effect,0,500,1005,jump,300,700,0.5,0.5,charcolor,300,500,255,40,40,150",,9048
10053,真龙召唤,6%概率触发纯粹攻击，造成100%的伤害，无视防御，无视闪避。,6,,,,,2,1,1,1,8,100,,,,,,,"break,2200,background,200,4200,255,0,0,150,effect,600,2000,1046","effect,0,1000,1025,jump,300,700,0.5,0.5,charcolor,300,500,255,40,40,150",,9049
10054,末日燃烧,13%概率暴击，暴击时造成150%的伤害且无视闪避。,13,,,,,2,,1,1,8,150,,,,,,,"break,2200,background,200,4200,0,0,0,150,background,600,2000,1075","effect,0,500,1005,jump,300,700,0.5,0.5,charcolor,300,500,255,40,40,150",,9050
10055,流星突,12%概率暴击，暴击时造成150%的伤害且无视闪避。,12,,,,,2,,1,1,8,150,,,,,,,"break,2200,background,200,4200,0,0,0,150,effect,600,2000,1046","effect,0,500,1005,jump,300,700,0.5,0.5,charcolor,300,500,255,40,40,150",,9051
10056,染血之瞳,8%概率触发纯粹攻击，造成100%的伤害，无视防御，无视闪避。,8,,,,,2,1,1,1,8,100,,,,,,,"break,2200,background,200,4200,0,0,0,150,background,600,3000,1041","effect,0,500,1005,jump,300,700,0.5,0.5,charcolor,300,500,255,40,40,150",,9052
10057,剑与禅,闪避等级提高8,,,,,,0,,,0,,,,,,,8,,,,,9053
10058,洛神,王者等级提高4,,,,,,0,,,0,,,,,,,,4,,,,9054
10059,大雄快跑,闪避等级提高9,,,,,,0,,,0,,,,,,,9,,,,,9055
10060,狮盔剑神,防御等级提高10,,,,,,0,,,0,,,,,,10,,,,,,9056
10061,炎热之火,30%概率造成120%的伤害。,30,,,,,2,,,1,8,120,,,,,,,"break,2200,background,200,4200,255,0,0,100","effect,0,500,1005,jump,300,700,0.5,0.5,charcolor,300,500,255,40,40,150",,9057
10062,风王之铠,防御等级提高16,,,,,,0,,,0,,,,,,16,,,,,,9058
10063,黑刃,4%概率造成300%的伤害,4,,,,,2,,,1,8,300,,,,,,,"break,2200,background,200,4200,0,0,0,150","effect,0,200,1016,shake,100,600,6,charcolor,300,500,0,255,50,150",,9059
10064,怒之大剑,12%概率造成对方总战力34%的伤害。,12,,,,,2,,,1,4,34,,,,,,,"break,2200,background,200,4200,0,0,0,150,background,600,3000,1013","effect,0,500,1016,expand,300,600,-4,charcolor,400,600,255,40,40,150",,9060
10065,天下布武,18%概率造成对方总战力41%的伤害。,18,,,,,2,,,1,4,41,,,,,,,"break,2200,background,200,4200,0,0,0,150,background,600,3000,1049","effect,0,500,1005,jump,300,700,0.5,0.5,charcolor,300,500,255,40,40,150",,9061
10066,屠狮之力,9%概率暴击，暴击时造成150%的伤害且无视闪避。,9,,,,,2,,1,1,8,150,,,,,,,,"effect,0,1000,1025,jump,300,700,0.5,0.5,charcolor,300,500,255,40,40,150",,9062
10067,无常之手,战斗回合高于8时，100%概率发动，造成对方已损失战力55%的伤害。,100,,,1,8,2,,,1,5,55,,,,,,,,"effect,0,500,1064,expand,300,600,-4,charcolor,400,600,255,40,40,150",,9063
10068,奥丁铁剑,战斗回合高于4时，11%概率触发纯粹攻击，造成105%的伤害，无视防御，无视闪避。,11,,,1,4,2,1,1,1,8,105,,,,,,,"break,2200,background,200,4200,0,0,0,150,background,600,3000,1044","effect,0,500,1078,jump,300,700,0.5,0.5,charcolor,300,500,255,40,40,150",,9064
10069,不死魔女,3%概率造成100%的伤害，在攻击后恢复35%的我方总战力。,3,,,,,2,,,3,8,100,1,35,,,,,"break,2200,background,200,4200,0,0,0,150,background,600,3000,1035","effect,0,500,1064,expand,300,600,-4,charcolor,400,600,255,40,40,150","effect,0,800,1032",9065
10070,堕落黑潮,30%概率造成对方当前战力70%的伤害，每场战斗只能触发1次。,30,,,,,1,,,1,6,70,,,,,,,"break,2200,background,200,4200,255,0,0,150,background,600,3000,1047","effect,0,1000,1025,jump,300,700,0.5,0.5,charcolor,300,500,255,40,40,150",,9066
10071,怒马践踏,10%概率造成200%的伤害。,10,,,,,2,,,1,8,200,,,,,,,,"effect,0,500,1005,jump,300,700,0.5,0.5,charcolor,300,500,255,40,40,150",,9067
10072,大略暴风雨,15%概率造成100%的伤害，在攻击后恢复20%的我方当前战力。防御等级提高3。,15,,,,,2,,,3,8,100,3,20,,3,,,"break,2200,background,200,4200,0,0,0,150,background,600,3000,1049","effect,0,800,1084,jump,600,1600,2,3,charcolor,0,800,255,0,0,150","effect,0,800,1032",9068
10073,帝国之握,5%概率造成320%的伤害,5,,,,,2,,,1,8,320,,,,,,,"break,2200,background,200,4200,0,0,0,150,effect,600,2000,1046","effect,0,500,1064,expand,300,600,-4,charcolor,400,600,255,40,40,150",,9070
10074,元素风暴,对方战力低于50%时，16%概率发动，造成对方已损失战力50%的伤害。,16,2,50,,,2,,,1,5,50,,,,,,,"break,2200,background,200,4200,0,0,0,150,effect,600,2000,1046","effect,0,600,1084,jump,300,700,1.5,1.5,charcolor,400,1200,255,0,0,100",,9071
10075,星之云图,闪避等级提高10。,,,,,,0,,,0,,,,,,,10,,,,,9072
10076,王之力,我方战力低于35%时，10%概率触发纯粹攻击，造成125%的伤害，无视防御，无视闪避。,10,1,35,,,2,1,1,1,8,125,,,,,,,"break,2200,background,200,4200,0,0,0,150,background,600,3000,1086","effect,0,200,1010,shake,100,600,6,charcolor,300,500,0,255,50,150",,9073
10077,闪烁之光,5%概率暴击，暴击时造成200%的伤害且无视闪避。,5,,,,,2,,1,1,8,200,,,,,,,"break,2200,background,200,4200,0,0,0,150,effect,600,2000,1046","effect,0,800,1084,jump,600,1600,2,3,charcolor,0,800,255,0,0,150",,9074
10078,风林火山,10%概率造成100%的伤害，攻击后恢复本次伤害40%的战力。,10,,,,,2,,,3,8,100,7,40,,,,,,"effect,0,500,1005,jump,300,700,0.5,0.5,charcolor,300,500,255,40,40,150","effect,0,800,1032",9075
10082,剧毒锋针,15%概率造成对方当前战力42%的伤害，每场战斗只能触发1次。,15,0,0,0,0,1,0,0,1,6,42,0,0,,,,,,"effect,0,500,1048,shake,200,1000,6,charcolor,500,700,255,40,40,150",,9076
10083,神圣惩击,6%概率暴击，暴击时造成150%的伤害且无视闪避。,6,,,,,2,,1,1,8,150,,,,,,,,"effect,0,500,1005,jump,300,700,0.5,0.5,charcolor,300,500,255,40,40,150",,9077
10084,敏捷,先攻等级提高5。,,,,,,0,,,,,,,,5,,,,,,,9078
10085,吐丝,20%概率造成120%的伤害。,20,0,0,0,0,2,0,0,1,8,120,0,0,,,,,,"effect,0,500,1048,shake,200,1000,6,charcolor,500,700,255,40,40,150",,9079
10086,吐息,15%概率造成135%的伤害。,15,0,0,0,0,2,0,0,1,8,135,0,0,,,,,"break,1200,background,200,2200,10,118,64,100","effect,0,1000,1025,jump,300,700,0.5,0.5,charcolor,300,500,255,40,40,150",,9080
10087,缠绕,6%概率发动，造成对方总战力40%的伤害。,6,0,0,0,0,2,0,0,1,4,40,0,0,,,,,,"effect,0,500,1064,expand,300,600,-4,charcolor,400,600,255,40,40,150",,9081
10088,举盾,防御等级提高7,,,,,,0,,,,,,,,,7,,,,,,9082
10091,沼气,6%概率造成对方总战力34%的伤害。,6,,,,,2,,,1,4,34,,,,,,,"break,1200,background,200,2200,10,118,64,100","effect,0,500,1064,expand,300,600,-4,charcolor,400,600,255,40,40,150",,9083
10092,吸血,14%概率造成100%的伤害，攻击后恢复本次伤害24%的战力。,14,,,,,2,,,3,8,100,7,24,,,,,"break,2200,background,200,4200,255,0,0,100","effect,0,500,1048,shake,200,1000,6,charcolor,500,700,255,40,40,150","effect,0,800,1032",9084
10093,叫我女王,闪避等级提高4。防御等级提高4。,,,,,,0,,,,,,,,,4,4,,,,,9085
10094,防御姿态,防御等级提高8。,,,,,,0,,,,,,,,,8,,,,,,9086
10095,会心一击,14%概率暴击，暴击时造成150%的伤害且无视闪避。,14,,,,,2,,1,1,8,150,,,,,,,,"effect,0,500,1002,jump,300,1300,1.5,2,charcolor,300,1200,255,40,40,150",,9087
10096,圣神正义,6%概率触发纯粹攻击，造成100%的伤害，无视防御，无视闪避。,6,,,,,2,1,1,1,8,100,,,,,,,"break,2200,background,200,4200,0,0,0,150,background,600,2000,1013","effect,0,500,1005,jump,300,700,0.5,0.5,charcolor,300,500,255,40,40,150",,9088
10097,瘫痪射击,14%概率造成对方总战力38%的伤害。,14,,,,,2,,,1,4,38,,,,,,,,"effect,0,500,1005,jump,300,700,0.5,0.5,charcolor,300,500,255,40,40,150",,9089
10098,秘法轰击,10%概率暴击，暴击时造成150%的伤害且无视闪避。,10,,,,,2,,1,1,8,150,,,,,,,,"effect,0,500,1005,jump,300,700,0.5,0.5,charcolor,300,500,255,40,40,150",,9090
10099,魅惑,先攻等级提高7。,,,,,,0,,,,,,,,7,,,,,,,9091
10100,书生,闪避等级提高6。,,,,,,0,,,,,,,,,,6,,,,,9092
10101,梦引,8%概率暴击，暴击时造成150%的伤害且无视闪避。,8,,,,,2,,1,1,8,150,,,,,,,,"effect,0,500,1006,shake,200,1000,6,charcolor,500,700,0,0,255,100",,9093
10102,上将,15%概率造成100%的伤害，在攻击后恢复20%的我方当前战力。,15,,,,,2,,,3,8,100,3,20,,,,,,"effect,0,500,1048,shake,200,1000,6,charcolor,500,700,255,40,40,150","effect,0,800,1032",9094
10103,弓神,10%概率暴击，暴击时造成150%的伤害且无视闪避。,10,,,,,2,,1,1,8,150,,,,,,,,"effect,0,500,1005,jump,300,700,0.5,0.5,charcolor,300,500,255,40,40,150",,9095
10104,剑神,9%概率造成200%的伤害。,9,0,0,0,0,2,0,0,1,8,200,,,,,,,,"effect,0,500,1048,shake,200,1000,6,charcolor,500,700,255,40,40,150",,9096
10105,BIU,15%概率暴击，暴击时造成170%的伤害且无视闪避。,15,,,,,2,,1,1,8,170,,,,,,,,"effect,0,500,1005,jump,300,700,0.5,0.5,charcolor,300,500,255,40,40,150",,9097
10106,科学,战斗回合高于4时，10%概率触发纯粹攻击，造成125%的伤害，无视防御，无视闪避。,10,,,1,4,2,1,1,1,8,125,,,,,,,"break,2200,background,200,4200,0,0,0,150,background,600,2000,1013","effect,0,500,1005,jump,300,700,0.5,0.5,charcolor,300,500,255,40,40,150",,9098
10107,雷锋精神,防御等级提高16点。,,,,,,0,,,,,,,,,16,,,,,,9099
10108,灭神斩,"9%概率触发纯粹攻击，造成105%的伤害,无视防御，无视闪避。",9,,,,,2,1,1,1,8,105,,,,,,,"break,2200,background,200,4200,0,0,0,150,background,600,2000,1067","effect,0,500,1005,jump,300,700,0.5,0.5,charcolor,300,500,255,40,40,150",,9100
10201,烈风手里剑,8%概率造成200%的伤害。,8,,,,,2,,,1,8,200,,,,,,,,"effect,0,500,1048,shake,200,1000,6,charcolor,500,700,255,40,40,150",,9140
10202,无坚不摧,防御等级提高9。,,,,,,,,,,,,,,,9,,,,,,9141
10203,原始激流,16%概率造成对方当前战力53%的伤害。,16,,,,,2,,,1,6,53,,,,,,,,"effect,0,500,1005,jump,300,700,0.5,0.5,charcolor,300,500,255,40,40,150",,9142
10204,诸神黄昏,8%概率触发纯粹攻击，造成100%的伤害，无视防御，无视闪避，每场战斗只能触发1次。,8,,,,,1,1,1,1,8,100,,,,,,,"break,2200,background,200,4200,255,0,0,150,background,600,3000,1047","effect,0,500,1005,jump,300,700,0.5,0.5,charcolor,300,500,255,40,40,150",,9143
10205,真选之魂,战斗回合高于5时，12%概率发动，造成对方已损失战力45%的伤害。,12,,,1,5,2,,,1,5,45,,,,,,,,"effect,0,500,1064,expand,300,600,-4,charcolor,400,600,255,40,40,150",,9144
10206,骑士战歌,6%概率造成100%的伤害，在攻击后恢复12%的我方总战力。,6,,,,,2,,,3,8,100,1,12,,,,,,"effect,0,500,1064,expand,300,600,-4,charcolor,400,600,255,40,40,150","effect,0,800,1032",9145
10207,金羊皮,闪避等级提高7,,,,,,,,,,,,,,,,7,,,,,9146
10208,大魔之刺,10%概率暴击，暴击时造成150%的伤害且无视闪避。,10,,,,,2,,1,1,8,150,,,,,,,,"effect,0,500,1005,jump,300,700,0.5,0.5,charcolor,300,500,255,40,40,150",,9147
10209,技能有两种,15%概率造成100%的伤害，在攻击后恢复12%的我方当前战力。,15,,,,,2,,,3,8,100,3,12,,,,,,"effect,0,500,1048,shake,200,1000,6,charcolor,500,700,255,40,40,150","effect,0,800,1032",9148
10210,原始火焰,6%概率造成180%的伤害,6,,,,,2,,,1,8,180,,,,,,,,"effect,0,500,1048,shake,200,1000,6,charcolor,500,700,255,40,40,150",,9149
10211,万花雨扇·发,80%概率造成100%的伤害，在攻击后恢复10%的我方当前战力。,80,,,,,2,,,3,8,100,3,10,,,,,,"effect,0,500,1048,shake,200,1000,6,charcolor,500,700,255,40,40,150","effect,0,800,1032",9150
10212,念动力推击,19%概率造成155%的伤害。,19,,,,,2,,,1,8,155,,,,,,,,"effect,0,500,1064,expand,300,600,-4,charcolor,400,600,255,40,40,150",,9151
10213,水袖乾坤,4%概率触发纯粹攻击，造成100%的伤害，无视防御，无视闪避。,4,,,,,2,1,1,1,8,100,,,,,,,,"effect,0,500,1005,jump,300,700,0.5,0.5,charcolor,300,500,255,40,40,150",,9152
10214,魔剑,9%概率造成对方总战力35%的伤害。,9,,,,,2,,,1,4,35,,,,,,,,"effect,0,200,1016,shake,100,600,6,charcolor,300,500,0,255,50,150",,9153
10215,无差别格斗,29%概率造成122%的伤害。,29,,,,,2,,,1,8,122,,,,,,,,"effect,0,500,1048,shake,200,1000,6,charcolor,500,700,255,40,40,150",,9154
10216,猫拳,我方战力低于20%时，40%概率发动，造成我方已损失战力50%的伤害。,40,1,20,,,2,,,1,2,50,,,,,,,,"effect,0,200,1010,shake,100,600,6,charcolor,300,500,0,255,50,150",,9155
10217,必灭的黄蔷薇,6%概率触发纯粹攻击，造成100%的伤害，无视防御，无视闪避。,6,,,,,2,1,1,1,8,100,,,,,,,,"effect,0,500,1064,expand,300,600,-4,charcolor,400,600,255,40,40,150",,9156
10218,忠义之刺,12%概率造成100%的伤害，在攻击后恢复20%的我方当前战力。,12,,,,,2,,,3,8,100,3,20,,,,,,"effect,0,500,1048,shake,200,1000,6,charcolor,500,700,255,40,40,150","effect,0,800,1032",9157
10219,破魔之击,9%概率暴击，暴击时造成150%的伤害且无视闪避。,9,,,,,2,,1,1,8,150,,,,,,,,"effect,0,500,1064,expand,300,600,-4,charcolor,400,600,255,40,40,150",,9158
10220,冷酷执行,3%概率造成300%的伤害。,3,,,,,2,,,1,8,300,,,,,,,,"effect,0,200,1016,shake,100,600,6,charcolor,300,500,0,255,50,150",,9159
10221,剑之禁断,对方战力低于50%时，6%概率发动，造成100%的伤害，在攻击后恢复我方战力，值为5%的对方总战力。,6,2,50,,,2,,,3,8,100,4,5,,,,,"break,2200,background,200,4200,0,0,0,150,effect,600,2000,1046","effect,0,600,1084,jump,300,700,1.5,1.5,charcolor,400,1200,255,0,0,100","effect,0,800,1032",9037
10222,爆破点穴,41%概率造成120%的伤害。,41,,,,,2,,,1,8,120,,,,,,,,"effect,0,500,1048,shake,200,1000,6,charcolor,500,700,255,40,40,150",,9160
10223,烈炎降魔铲,战斗回合高于8时，20%概率发动，造成我方已损失战力48%的伤害。,20,,,1,8,2,,,1,2,48,,,,,,,,"effect,0,500,1064,expand,300,600,-4,charcolor,400,600,255,40,40,150",,9161
10224,神策,9%概率造成100%的伤害，在攻击后恢复15%的我方总战力。,9,,,,,2,,,3,8,100,1,15,,,,,,"effect,0,500,1048,shake,200,1000,6,charcolor,500,700,255,40,40,150","effect,0,800,1032",9162
10225,英勇的隐藏者,2%概率暴击，暴击时造成185%的伤害且无视闪避。闪避等级提高5。,2,,,,,2,,1,1,8,185,,,,,5,,"break,2200,background,200,4200,0,0,0,150,effect,600,2000,1046","effect,0,500,1005,jump,300,700,0.5,0.5,charcolor,300,500,255,40,40,150",,9163
10226,撒旦之火,我方战力低于30%时，12%概率发动，造成我方已损失战力40%的伤害。,12,1,30,,,2,,,1,2,40,,,,,,,,"effect,0,200,1010,shake,100,600,6,charcolor,300,500,0,255,50,150",,9164
10227,星辰征服者,20%概率造成100%的伤害，在攻击后恢复我方战力，值为15%的对方当前战力。,20,,,,,2,,,3,8,100,6,15,,,,,,"effect,0,500,1048,shake,200,1000,6,charcolor,500,700,255,40,40,150","effect,0,800,1032",9165
10228,遗志,防御等级提高10,,,,,,,,,,0,,,,,10,,,,,,9166
10229,天使一闪,4%概率造成300%的伤害。,4,,,,,2,,,1,8,300,,,,,,,,"effect,0,600,1084,jump,300,700,1.5,1.5,charcolor,400,1200,255,0,0,100",,9167
10230,奶茶加糖,15%概率造成100%的伤害，攻击后恢复本次伤害50%的战力。,15,,,,,2,,,3,8,100,7,50,0,0,0,0,"break,2200,background,200,4200,255,0,0,150","effect,0,500,1048,shake,200,1000,6,charcolor,500,700,255,40,40,150","effect,0,800,1032",9168
10231,夜兔觉醒,25%概率造成100%的伤害，攻击后恢复本次伤害21%的战力。,25,,,,,2,,,3,8,100,7,21,0,0,0,0,"break,2200,background,200,4200,255,0,0,150","effect,0,500,1048,shake,200,1000,6,charcolor,500,700,255,40,40,150","effect,0,800,1032",9169
10232,无畏,防御等级提高11,,,,,,,,,,,,,,,11,,,,,,9170
10233,无刀取,我方战力低于15%时，60%概率发动，造成我方已损失战力60%的伤害。,60,1,15,,,2,,,1,2,60,,,,,,,,"effect,0,200,1010,shake,100,600,6,charcolor,300,500,0,255,50,150",,9171
10234,生命之雨,11%概率造成100%的伤害，在攻击后恢复18%的我方总战力。,11,,,,,2,,,3,8,100,1,18,,,,,,"effect,0,500,1048,shake,200,1000,6,charcolor,500,700,255,40,40,150","effect,0,800,1032",9172
10235,坚钢护甲,防御等级提高11,,,,,,,,,,0,,,,,11,,,,,,9173
10236,赫格尼之剑 ,10%概率触发纯粹攻击，造成108%的伤害，无视防御，无视闪避。每场战斗只能触发1次。,10,,,,,1,1,1,1,8,108,,,,,,,"break,2200,background,200,4200,255,0,0,150,background,600,3000,1065","effect,0,500,1005,jump,300,700,0.5,0.5,charcolor,300,500,255,40,40,150",,9174
10237,暴乱念动力,25%概率造成100%的伤害，在攻击后恢复20%的我方当前战力。,25,,,,,2,,,3,8,100,3,20,,,,,,"effect,0,500,1048,shake,200,1000,6,charcolor,500,700,255,40,40,150","effect,0,800,1032",9175
10238,永远的万事屋,我方战力低于40%时，15%概率发动，造成我方已损失战力60%的伤害。,15,1,40,,,2,,,1,2,60,,,,,,,"break,2200,background,200,4200,0,0,0,150,background,600,3000,1059","effect,0,500,1078,jump,200,1000,2,2,charcolor,500,700,255,40,40,150",,9176
10239,神之重击,25%概率造成165%的伤害。,25,,,,,2,,,1,8,165,,,,,,,,"effect,0,500,1048,shake,200,1000,6,charcolor,500,700,255,40,40,150",,9177
10240,闪耀加护,10%概率造成100%的伤害，在攻击后恢复19%的我方总战力。,10,,,,,2,,,3,8,100,1,19,,,,,,"effect,0,500,1048,shake,200,1000,6,charcolor,500,700,255,40,40,150","effect,0,800,1032",9178
10241,鬼兵队,10%概率触发纯粹攻击，造成100%的伤害，无视防御，无视闪避。,10,,,,,2,1,1,1,8,100,,,,,,,"break,2200,background,200,4200,0,0,0,150","effect,0,500,1005,jump,300,700,0.5,0.5,charcolor,300,500,255,40,40,150",,9179
10242,时代的怪兽,6%概率暴击，暴击时造成150%的伤害且无视闪避。防御等级提高5。,6,,,,,2,,1,1,8,150,,,,5,,,"break,2200,background,200,4200,0,0,0,150,effect,600,2000,1046","effect,0,500,1005,jump,300,700,0.5,0.5,charcolor,300,500,255,40,40,150",,9180
10243,黑之吹息,散播恐惧并剥夺受伤者的生命能量，7%概率造成100%的伤害，攻击后恢复本次伤害52%的战力。,7,,,,,2,,,3,8,100,7,52,,,,,"break,2200,background,200,4200,0,0,0,150","effect,0,500,1016,shake,200,1000,6,charcolor,500,700,255,40,40,150","effect,0,800,1032",9181
10244,魔古尔之剑,对方战力低于40%时，8%概率触发纯粹攻击，造成110%的伤害，无视防御，无视闪避。,8,2,40,,,2,1,1,1,8,110,,,,,,,"break,2200,background,200,4200,0,0,0,150","effect,0,500,1005,jump,300,700,0.5,0.5,charcolor,300,500,255,40,40,150",,9182
10245,王霸之气,王者等级提高6,,,,,,,,,,0,,,,,,,6,,,,9183
10246,神武血刃斩,15%概率造成230%的伤害。闪避等级提高4。,15,,,,,2,,,1,8,230,,,,,4,,"break,2200,background,200,4200,255,0,0,150,background,600,3000,1013","effect,0,1000,1025,jump,300,700,0.5,0.5,charcolor,300,500,255,40,40,150",,9184
10247,虎手龙卷,3%概率造成305%的伤害。防御等级提高5。,3,,,,,2,,,1,8,305,,,,5,,,"break,2200,background,200,4200,255,0,0,150,background,600,3000,1136","effect,0,1000,1025,jump,300,700,0.5,0.5,charcolor,300,500,255,40,40,150",,9185
10248,仁君,王者等级提高3。闪避等级提高6。,,,,,,,,,0,,,,,,,6,3,,,,9186
10249,拂晓神剑,3%概率造成320%的伤害。先攻等级提高10。,3,,,,,2,,,1,8,320,,,10,,,,"break,2200,background,200,4200,255,0,0,150,background,600,3000,1139","effect,0,1000,1025,jump,300,700,0.5,0.5,charcolor,300,500,255,40,40,150",,9187
10250,原始自然之力,25%概率造成100%的伤害，在攻击后恢复战力，值为16%的对方总战力。防御等级提高10，闪避等级提高10。,25,,,,,2,,,3,8,100,4,16,,10,10,,"break,2200,background,200,4200,255,0,0,150,background,600,3000,1073","effect,0,500,1048,shake,200,1000,6,charcolor,500,700,255,40,40,150","effect,0,800,1032",9188
10251,真·大神无双,15%概率暴击，暴击时造成190%的伤害且无视闪避。王者等级提高10。,15,,,,,2,,1,1,8,190,,,,,,10,"break,2200,background,200,4200,255,0,0,150,background,600,3000,1146","effect,0,1000,1025,jump,300,700,0.5,0.5,charcolor,300,500,255,40,40,150",,9189
10252,插鼻过肩摔,8%概率造成200%的伤害,8,,,,,2,,,1,8,200,,,,,,,,"effect,0,500,1048,shake,200,1000,6,charcolor,500,700,255,40,40,150",,9203
10253,葱硬化插击,2%概率造成300%的伤害,2,,,,,2,,,1,8,300,,,,,,,"break,2200,background,200,4200,255,0,0,150","effect,0,500,1048,shake,200,1000,6,charcolor,500,700,255,40,40,150",,9204
10254,原始神圣,20%概率造成100%的伤害，在攻击后恢复战力，值为13%的对方当前战力。,20,,,,,2,,,3,8,100,6,13,,,,,,"effect,0,500,1048,shake,200,1000,6,charcolor,500,700,255,40,40,150","effect,0,800,1032",9205
10255,万花雨扇·收,战斗回合高于8时，50%概率发动，造成对方已损失战力40%的伤害。,50,,,1,8,2,,,1,5,40,,,,,,,,"effect,0,500,1048,shake,200,1000,6,charcolor,500,700,255,40,40,150","effect,0,800,1032",9206
10256,雷神之锥,20%概率造成150%的伤害,20,,,,,2,,,1,8,150,,,,,,,"break,2200,background,200,4200,255,0,0,100","effect,0,600,1084,jump,300,700,1.5,1.5,charcolor,400,1200,255,0,0,100",,9207
10257,深呼吸,12%概率造成220%的伤害。,12,,,,,2,,,1,8,220,,,,,,,"break,2200,background,200,4200,0,0,0,150,effect,600,2000,1046","effect,0,500,1005,jump,300,700,0.5,0.5,charcolor,300,500,255,40,40,150",,9208
10258,王选之刃,10%概率造成250%的伤害。,10,,,,,2,,,1,8,250,,,,,,,"break,2200,background,200,4200,255,0,0,100","effect,0,600,1084,jump,300,700,1.5,1.5,charcolor,400,1200,255,0,0,100",,9209
10259,羊年大吉,先攻等级提高1，防御等级提高1，闪避等级提高1，王者等级提高1。受到咩星人的祝福，实力全面提升。,,,,,,,,,0,0,,,,1,1,1,1,,,,
10260,只为一个拥抱,防御等级提高9,,,,,,,,,0,0,,,,,9,,,,,,9209
10261,橡皮火箭炮,12%概率造成210%的伤害，防御等级提高5点,12,,,,,2,,,1,8,210,,,,5,,,"break,2200,background,200,4200,0,0,0,150,effect,600,2000,1046","effect,0,1000,1025,jump,300,700,0.5,0.5,charcolor,300,500,255,40,40,150",,9211
10263,海市蜃楼,防御等级提高6点，闪避等级提高6点,,,,,,,,,,,,,,,6,6,,,,,
10264,三十六烦恼凤,3%概率发动穿刺攻击，造成136%的伤害，无视防御，每场战斗只能触发1次。,3,,,,,1,1,,1,8,136,,,,,,,"break,2200,background,200,4200,0,0,0,150,effect,600,2000,1046","effect,0,600,1084,jump,300,700,1.5,1.5,charcolor,400,1200,255,0,0,100",,9213
10267,整形套餐,9%概率造成230%的伤害，闪避等级提高5点,9,,,,,2,,,1,8,230,,,,,5,,,"effect,0,500,1002,jump,300,1300,1.5,2,charcolor,300,1200,255,40,40,150",,9214
10269,崩坏之握,3%概率暴击，暴击时造成300%的伤害且无视闪避，每场战斗只能触发1次。王者等级提高5点。,3,,,,,1,,1,1,8,300,,,,,,5,"break,2200,background,200,4200,0,0,0,150,effect,600,2000,1046",,,9225
10270,牙通牙,12%概率造成190%的伤害。,12,,,,,2,,,1,8,190,,,,,,,"break,2200,background,200,4200,0,0,0,150,effect,600,2000,1046",,,9215
10271,白眼,先攻等级提高10，闪避等级提高3。,,,,,,,,,,0,,,,10,,3,,,,,
10272,医疗忍术,6%概率造成100%的伤害，恢复26%我方总战力，防御等级提高8。,6,,,,,2,,,3,8,100,1,26,,8,,,,"effect,0,500,1002,jump,300,1300,1.5,2,charcolor,300,1200,255,40,40,150","effect,0,800,1032",9217
10273,螺旋丸,7%概率触发纯粹攻击，造成102%的伤害，无视防御，无视闪避。,7,,,,,2,1,1,1,8,102,,,,,,,"break,2200,background,200,4200,0,0,0,150,effect,600,2000,1046",,,9218
10274,雷切,7%概率暴击，暴击时造成170%的伤害且无视闪避。,7,,,,,2,,1,1,8,170,,,,,,,"break,2200,background,200,4200,0,0,0,150,effect,600,2000,1046",,,9219
10275,万花筒写轮眼,先攻等级提高3，闪避等级提高13。,0,,,,,,,,0,0,,,,3,,13,,,,,9226
10276,CO·自爆,6%概率造成300%的伤害，每场战斗只能触发1次。,6,,,,,1,,,1,8,300,,,,,,,"break,2200,background,200,4200,0,0,0,150,effect,600,2000,1046","effect,0,1000,1025,jump,300,700,0.5,0.5,charcolor,300,500,255,40,40,150",,9220
10277,绯流琥·义手千本,10%概率触发穿刺攻击，造成150%的伤害，无视防御。,10,,,,,2,1,,1,8,150,,,,,,,,"effect,0,500,1002,jump,300,1300,1.5,2,charcolor,300,1200,255,40,40,150",,9221
10278,水遁·大鲛弹之术,10%概率触发纯粹攻击，造成100%的伤害，无视防御，无视闪避。,10,,,,,2,1,1,1,8,100,,,,,,,,"effect,0,500,1006,shake,200,1000,6,charcolor,500,700,0,0,255,100",,9222
11001,魔化撕咬,20%概率造成120%的伤害,20,,,,,2,,,1,8,120,,,,,,,,"effect,0,500,1002,jump,300,1300,1.5,2,charcolor,300,1200,255,40,40,150",,9137
11002,牛奶,3%概率造成100%的伤害，在攻击后恢复15%的我方总战力。,3,,,,,2,,,3,8,100,1,15,,,,,,"effect,0,500,1064,expand,300,600,-4,charcolor,400,600,255,40,40,150","effect,0,800,1032",9138
11003,沉默,防御等级提高5,,0,0,0,0,0,0,0,0,0,0,0,0,0,5,0,0,,,,9139
20001,凤仪掷戟,6%概率暴击，暴击时造成170%的伤害且无视闪避。,6,,,,,2,,1,1,8,170,,,,,,,"break,2200,background,200,4200,0,0,0,150,background,600,2000,1013","effect,0,500,1078,jump,200,1000,2,2,charcolor,500,700,255,40,40,150",,9101
20002,五虎上将,防御等级提高12点,,,,,,0,,,0,0,,,,,12,,,,,,9102
20003,天上人间,难忘今宵！20%概率造成100%的伤害，攻击后恢复战力，值为本次伤害的60%。,20,,,,,2,,,3,8,100,7,60,,,,,"break,2200,background,200,4200,0,0,0,150,background,600,3000,2888","effect,0,500,1016,shake,200,1000,6,charcolor,500,700,255,40,40,150","effect,0,800,1032",9103
20004,完美的圣诞节,闪避等级提高6,,,,,,0,,,,,,,,,,6,,,,,9104
20005,龙息,12%概率造成230%的伤害,12,0,0,0,0,2,0,0,1,8,230,,,,,,,"break,2200,background,200,4200,0,0,0,150,effect,600,2000,1046","effect,0,500,1005,jump,300,700,0.5,0.5,charcolor,300,500,255,40,40,150",,9105
20006,征服地球,王者等级提高5,,,,,,0,,,,0,,,,,,,5,,,,9106
20007,受伤与治愈,无实际效果,,,,,,0,,,,0,,,,,,,,,,,9107
20008,无悔,8%概率触发纯粹攻击，造成100%的伤害，无视防御，无视闪避。,8,,,,,2,1,1,1,8,100,,,,,,,"break,2200,background,200,4200,0,0,0,150,background,600,3000,1059","effect,0,500,1005,jump,300,700,0.5,0.5,charcolor,300,500,255,40,40,150",,9108
20009,大众脸也有春天,3%概率造成100%的伤害，在攻击后恢复30%的我方总战力。,3,,,,,2,,,3,8,100,1,30,,,,,"break,2200,background,200,4200,0,0,0,150,background,600,3000,1059","effect,0,500,1005,shake,100,600,6,charcolor,300,500,0,255,50,150","effect,0,800,1032",9109
20010,佣兵之王,王者等级提高6,,,,,,0,,,,0,,,,,,,6,,,,9110
20011,五火球,5%概率造成305%的伤害,5,,,,,2,,,1,8,305,,,,,,,"break,2200,background,200,4200,0,0,0,150,background,600,3000,1051","effect,0,500,1005,jump,300,700,0.5,0.5,charcolor,300,500,255,40,40,150",,9111
20012,龙母王权,王者等级提高9,,,,,,0,,,,0,,,,,,,9,,,,9112
20013,魔王与魔女,8%概率触发纯粹攻击，造成112%的伤害，无视防御，无视闪避。,8,,,,,2,1,1,1,8,112,,,,,,,"break,2200,background,200,4200,0,0,0,150,effect,600,2000,1046","effect,0,500,1005,jump,300,700,0.5,0.5,charcolor,300,500,255,40,40,150",,9113
20014,突进逆十字,先攻等级提高8,,,,,,0,,,,0,,,,8,,,,,,,9114
20015,永恒之息,5%概率触发纯粹攻击，造成115%的伤害，无视防御，无视闪避。,5,,,,,2,1,1,1,8,115,,,,,,,"break,2200,background,200,4200,255,0,0,150,background,600,3000,1146","effect,0,500,1005,jump,300,700,0.5,0.5,charcolor,300,500,255,40,40,150",,9190
20016,蛮荒神启,4%概率造成100%的伤害，在攻击后恢复40%的我方当前战力,4,,,,,2,,,3,8,100,3,40,,,,,"break,2200,background,200,4200,255,0,0,150,background,600,3000,1146","effect,0,500,1048,shake,200,1000,6,charcolor,500,700,255,40,40,150","effect,0,800,1032",9191
20017,真王,王者等级提高5,,,,,,,,,,0,,,,,,,5,,,,9192
20018,万花羽扇·绝,对方战力低于8%时，100%概率暴击，暴击时造成150%的伤害且无视闪避。,100,2,8,,,2,0,1,1,8,150,,,,,,,"break,2200,background,200,4200,0,0,0,150","effect,0,500,1005,jump,300,700,0.5,0.5,charcolor,300,500,255,40,40,150",,9193
20020,王之理想乡,3%概率触发纯粹攻击，造成110%的伤害，无视防御，无视闪避。王者等级提高5,3,,,,,2,1,1,1,8,110,,,,,,5,"break,2200,background,200,4200,255,0,0,150,background,600,3000,1146","effect,0,500,1005,jump,300,700,0.5,0.5,charcolor,300,500,255,40,40,150",,9195
20021,大乱舞,5%概率暴击，暴击时造成160%的伤害且无视闪避。防御等级提高5。,5,,,,,2,0,1,1,8,160,,,,5,,,"break,2200,background,200,4200,0,0,0,150","effect,0,500,1005,jump,300,700,0.5,0.5,charcolor,300,500,255,40,40,150",,9196
20022,攘夷武士道,王者等级提高8。,,,,,,,,,,0,,,,,,,8,,,,9197
20023,世界大战,战斗回合高于10时，30%概率造成350%的伤害。防御等级降低15,30,,,1,10,2,0,0,1,8,350,,,,-15,,,"break,2200,background,200,4200,0,0,0,150,background,600,3000,1049","effect,0,500,1005,jump,300,700,0.5,0.5,charcolor,300,500,255,40,40,150",,9198
20025,末日龙炎,4%概率造成350%的伤害。,4,,,,,2,0,0,1,8,350,,,,,,,"break,2200,background,200,4200,0,0,0,150,background,600,3000,1083","effect,0,500,1005,jump,300,700,0.5,0.5,charcolor,300,500,255,40,40,150",,9200
20026,魔戒再临,先攻等级提高5，防御等级提高8，王者等级提高10,,,,,,,,,,0,,,,5,8,,10,,,,9201
20027,怒火激将,9%概率触发纯粹攻击，造成110%的伤害，无视防御，无视闪避。王者等级提高8。,9,,,,,2,1,1,1,8,110,,,,,,8,"break,2200,background,200,4200,0,0,0,150,background,600,3000,1051","effect,0,500,1005,jump,300,700,0.5,0.5,charcolor,300,500,255,40,40,150",,9202
20028,志村武魂,防御等级提高5。,,,,,,,,,,0,,,,,5,,,,,,9210
20029,信念,防御等级提高10，闪避等级提高8。,,,,,,,,,0,0,,,,,10,8,,,,,
20030,羁绊,先攻等级提高4，防御等级提高8，闪避等级提高6。,,,,,,,,,0,0,,,,4,8,6,,,,,
30001,逐风圣剑,对方战力低于40%时，35%概率暴击，暴击时造成150%的伤害且无视闪避。,35,2,40,,,2,,1,1,8,150,,,,,,,"break,2200,background,200,4200,0,0,0,150,background,600,3000,1013","effect,0,500,1005,jump,200,1000,2,2,charcolor,500,700,255,40,40,150",,9115
30002,自然之怒,12%概率造成100%的伤害，攻击后恢复本次伤害40%的战力。,12,,,,,2,,,3,8,100,7,40,,,,,"break,2200,background,200,4200,255,0,255,150,background,600,3000,1075","effect,0,500,1016,shake,200,1000,6,charcolor,500,700,255,40,40,150","effect,0,800,1032",9116
30003,闪耀之击,20%概率暴击，暴击时造成150%的伤害且无视闪避。,20,,,,,2,,1,1,8,150,,,,,,,"break,2200,background,200,4200,0,0,0,150,effect,600,2000,1046","effect,0,500,1005,jump,300,700,0.5,0.5,charcolor,300,500,255,40,40,150",,9117
30004,绝对领域,防御等级提高16。,,,,,,0,,,0,0,,,,,16,,,,,,9118
30005,弑神灭世,6%概率造成300%的伤害。,6,,,,,2,,,1,8,300,,,,,,,"break,2200,background,200,4200,0,0,0,150,background,600,2000,1067","effect,0,500,1078,jump,300,1300,1.5,2,charcolor,300,1200,255,40,40,150",,9119
30006,裂地猛击,25%概率造成150%的伤害。,25,,,,,2,,,1,8,150,,,,,,,"break,1200,background,200,2200,0,0,0,200","effect,0,1500,1025,jump,300,1300,1.5,2,charcolor,300,1200,255,40,40,150",,9120
30007,诸界毁灭,24%概率造成对方当前战力50%的伤害。每场战斗只能触发1次。,24,,,,,1,,,1,6,50,,,,,,,"break,2200,background,200,4200,0,0,0,150,background,600,2000,1041","effect,0,1500,1025,jump,300,1300,1.5,2,charcolor,300,1200,255,40,40,150",,9121
30008,末日审判,战斗回合高于7时，18%概率发动，造成我方已损失战力45%的伤害。,18,,,1,7,2,,,1,2,45,,,,,,,"break,2200,background,200,4200,0,0,0,150,effect,600,2000,1046","effect,0,800,1054,jump,600,1600,2,3,charcolor,0,800,255,0,0,150",,9122
30009,流星之影,先攻等级提高12。,,,,,,0,,,0,0,,,,12,,,,,,,9123
30010,信仰之光,12%概率造成100%的伤害，在攻击后恢复11%的我方总战力。,12,,,,,2,,,3,8,100,1,11,,,,,"break,2200,background,200,3200,255,215,0,150,background,600,2000,1035","effect,0,500,1048,shake,200,1000,6,charcolor,500,700,255,40,40,150","effect,0,800,1032",9124
30011,命运之咏唱,战斗回合高于6时，50%概率发动纯粹攻击，造成100%的伤害，无视防御，无视闪避。,50,,,1,6,2,1,1,1,8,100,,,,,,,"break,2200,background,200,4200,0,0,0,150,background,600,2000,1084","effect,0,1500,1025,jump,300,1300,1.5,2,charcolor,300,1200,255,40,40,150",,9126
40001,碾压,40%概率造成150%的伤害。,40,,,,,2,,,1,8,150,,,,,,,"break,2200,background,200,4200,0,0,0,150","effect,0,200,1016,shake,100,600,6,charcolor,300,500,0,255,50,150",,9127
40002,黑暗复原,我方战力低于25%时80%概率发动，造成100%的伤害，在攻击后恢复40%的我方总战力，每场战斗只能触发1次。,80,1,25,,,1,,,3,8,100,1,40,,,,,"break,2200,background,200,4200,0,0,0,150,background,600,2000,1049","effect,0,500,1016,shake,200,1000,6,charcolor,500,700,255,40,40,150","effect,0,800,1032",9128
40003,超重,15%概率暴击，暴击时造成200%的伤害且无视闪避。,15,,,,,2,,1,1,8,200,,,,,,,"break,2200,background,200,4200,0,0,0,150,effect,600,2000,1046","effect,0,800,1084,jump,600,1600,2,3,charcolor,0,800,255,0,0,150",,9129
40004,分裂激光,25%概率暴击，暴击时造成150%的伤害且无视闪避。,25,,,,,2,,1,1,8,150,,,,,,,,"effect,0,500,1005,jump,300,700,0.5,0.5,charcolor,300,500,255,40,40,150",,9130
40005,核爆,战斗回合高于10时，100%概率发动纯粹攻击，造成250%的伤害，无视防御，无视闪避，每场战斗只能触发1次。,100,,,1,10,1,1,1,1,8,250,,,,,,,,"effect,0,500,1064,expand,300,600,-4,charcolor,400,600,255,40,40,150",,9131
40006,战力吸取,30%概率造成100%的伤害，在攻击后恢复35%的我方当前战力。,30,,,,,2,,,3,8,100,3,35,,,,,"break,2200,background,200,4200,0,0,0,150,background,600,3000,1049","effect,0,800,1084,jump,600,1600,2,3,charcolor,0,800,255,0,0,150","effect,0,800,1032",9132
40007,上古神秘之力,我方战力低于25%时80%概率发动，造成100%的伤害，在攻击后恢复60%的我方总战力，每场战斗只能触发1次。,80,1,25,,,1,,,3,8,100,1,60,,,,,"break,2200,background,200,4200,0,0,0,150,background,600,2000,1021","effect,0,500,1016,shake,200,1000,6,charcolor,500,700,255,40,40,150","effect,0,800,1032",9133
40008,光破斩,35%概率暴击，暴击时造成180%的伤害且无视闪避。,35,,,,,2,,1,1,8,180,,,,,,,"break,2200,background,200,4200,0,0,0,150,background,600,2000,1020","effect,0,500,1005,jump,300,700,0.5,0.5,charcolor,300,500,255,40,40,150",,9134
40009,永恒虚无,15%概率造成100%的伤害，在攻击后恢复35%的我方总战力。,15,,,,,2,,,3,8,100,1,35,,,,,"break,2200,background,200,4200,0,0,0,150,background,600,3000,1031","effect,0,500,1064,expand,300,600,-4,charcolor,400,600,255,40,40,150","effect,0,800,1032",9135
40010,亚空间爆裂,30%概率造成200%的伤害。,30,,,,,2,,,1,8,200,,,,,,,"break,2200,background,200,4200,0,0,0,150,background,600,3000,1073","effect,0,200,1010,shake,100,600,6,charcolor,300,500,0,255,50,150",,9136
40011,碾压,80%概率暴击，暴击时造成150%的伤害且无视闪避。,80,,,,,2,,1,1,8,150,,,,,,,"break,2200,background,200,4200,0,0,0,150","effect,0,200,1016,shake,100,600,6,charcolor,300,500,0,255,50,150",,9127
40012,超重,20%概率触发纯粹攻击，造成105%的伤害，无视防御，无视闪避。,20,,,,,2,1,1,1,8,105,,,,,,,"break,2200,background,200,4200,0,0,0,150,background,600,3000,1044","effect,0,500,1078,jump,300,700,0.5,0.5,charcolor,300,500,255,40,40,150",,9129
40013,致命一击,10%概率触发纯粹攻击，造成100%的伤害，无视防御，无视闪避。,10,,,,,2,1,1,1,8,100,,,,,,,"break,2200,background,200,4200,0,0,0,150,background,600,3000,1059","effect,0,500,1005,jump,300,700,0.5,0.5,charcolor,300,500,255,40,40,150",,9227
40014,末世龙息,20%概率暴击，暴击时造成230%的伤害，无视闪避。,20,,,,,2,0,1,1,8,230,,,,,,,"break,2200,background,200,4200,0,0,0,150,effect,600,2000,1046","effect,0,500,1005,jump,300,700,0.5,0.5,charcolor,300,500,255,40,40,150",,9228
40015,超强体能,战斗回合高于4时，15%概率发动，造成100%的伤害，在攻击后恢复我方30%的我方总战力。,15,0,,1,4,2,,,3,8,100,1,30,,,,,"break,2200,background,200,4200,0,0,0,150,background,600,3000,1044","effect,0,500,1078,jump,300,700,0.5,0.5,charcolor,300,500,255,40,40,150","effect,0,800,1032",40015
40016,飞行盔甲,先攻等级提高4，防御等级提高6，闪避等级提高4。,,0,,,,,,,0,0,0,0,,4,6,4,,,,,40016
40017,巨人变身,我方战力低于35%时，25%概率发动穿刺攻击，造成200%的伤害，无视防御。,25,1,35,,,2,1,,1,8,200,0,,,,,,"break,2200,background,200,4200,0,0,0,150,background,600,3000,1073","effect,0,500,1005,jump,300,700,0.5,0.5,charcolor,300,500,255,40,40,150",,40017
40018,雷霆万钧,4%概率触发纯粹攻击，造成110%的伤害，无视防御，无视闪避。防御等级提高5。,4,0,,,,2,1,1,1,8,110,0,,,5,,,"break,2200,background,200,4200,255,0,0,100","effect,0,600,1084,jump,300,700,1.5,1.5,charcolor,400,1200,255,0,0,100",,40018
40019,间谍诱惑,先攻等级提高6，闪避等级提高6。,,0,,,,,,,0,0,0,0,,6,,6,,,,,40019
40020,复仇者联盟,8%概率暴击，暴击时造成255%的伤害且无视闪避。王者等级提高5。,8,0,,,,2,,1,1,8,255,0,,,,,5,"break,2200,background,200,4200,0,0,0,150,effect,600,2000,1046","effect,0,800,1054,jump,600,1600,2,3,charcolor,0,800,255,0,0,150",,40020
40021,大蛇薙,7%概率造成250%的伤害。,7,0,,,,2,,,1,8,250,0,,,,,0,"break,2200,background,200,4200,0,0,0,150,effect,600,2000,1047","effect,0,800,1054,jump,600,1600,2,3,charcolor,0,800,255,0,0,151",,40021
40022,八稚女,我方战力低于35%时，50%概率发动纯粹攻击，造成100%的伤害，无视防御，无视闪避。,50,1,35,,,2,1,1,1,8,100,0,,,,,,"break,2200,background,200,4200,0,0,0,150,effect,600,2000,1048","effect,0,800,1054,jump,600,1600,2,3,charcolor,0,800,255,0,0,152",,40022
40023,凤凰之舞,闪避等级提高11点。,,0,,,,,,,0,0,0,0,,,,11,,"break,2200,background,200,4200,0,0,0,150,effect,600,2000,1049","effect,0,800,1054,jump,600,1600,2,3,charcolor,0,800,255,0,0,153",,40023
40024,机房回忆,防御等级提高10点，王者等级提高2点。,,0,,,,,,,0,0,0,0,,,10,,2,"break,2200,background,200,4200,0,0,0,150,effect,600,2000,1050","effect,0,800,1054,jump,600,1600,2,3,charcolor,0,800,255,0,0,154",,40024
40025,灵丸,战斗回合高于2时，8%概率触发纯粹攻击，造成110%的伤害，无视防御，无视闪避。,8,0,,1,2,2,1,1,1,8,110,0,,,,,,"break,2200,background,200,3000,255,255,255,150,background,600,2500,1037","effect,0,500,1025,jump,300,700,2,2,charcolor,300,500,255,40,40,150",,40015
40026,次元刀,对方战力高于60%时，25%概率发动穿刺攻击，造成130%的伤害，无视防御。先攻等级提高5。,25,4,60,,,2,1,,1,8,130,0,,5,,,,"break,2200,background,200,2500,0,0,255,150,background,600,2000,1139","effect,0,500,1078,shake,100,600,10,charcolor,300,500,255,40,40,150",,40016
40027,风华圆舞阵,对方战力低于60%时，25%概率发动，造成对方已损失战力70%的伤害。,25,2,60,,,2,,,1,5,70,0,,,,,,"break,2200,background,200,3500,255,0,0,150,background,600,3000,1059","effect,0,500,1064,expand,300,600,-4,charcolor,300,500,255,40,40,150",,40017
40028,炎杀黑龙波,7%概率造成275%的伤害。,7,0,,,,2,,,1,8,275,0,,,,,,"break,2200,background,200,3000,0,0,0,150,background,600,2500,1049","effect,0,500,1054,shake,200,1000,10,charcolor,500,700,255,40,40,150",,40018
40029,魔强统一战,防御等级提高12，王者等级提高8。,,0,,,,,,,0,0,0,0,,,12,,8,,,,40029
40030,鹿角强化,我方战力低于45%时，45%的几率发动穿刺攻击，造成120%的伤害，无视防御。防御等级提高1。,45,1,45,,,2,1,,1,8,120,0,,,1,,,"break,2200,background,200,3200,0,0,0,150,background,600,3000,1073","effect,0,500,1005,jump,300,700,0.5,0.5,charcolor,300,500,255,40,40,150",,40030
40031,寻找OnePiece！,先攻等级提高12，王者等级提高10。,0,0,0,,,0,,,0,0,0,0,,12,,,10,,,,
40032,我顶！,20%概率造成310%的伤害，每场战斗只能触发1次。先攻等级提高4，防御等级提高3，闪避等级提高2，王者等级提高1。,20,,,,,1,,,1,8,310,0,,4,3,2,1,"break,2200,background,200,3200,0,0,0,150,background,600,3000,1073","effect,0,500,1064,expand,300,600,-4,charcolor,400,600,255,40,40,150",,
40033,舔~~~~~,战斗回合高于2时，25%的概率发动，造成对方总战力45%的伤害。,25,,,1,2,2,,,1,4,45,0,,,,,,"break,2200,background,200,4200,255,0,0,150,background,600,3000,1096","effect,0,500,1064,expand,300,600,-4,charcolor,400,600,255,40,40,150",,
40034,神秘的晓,先攻等级提高14，闪避等级提高12。,,,,,,,,,,,,,,14,,12,,,,,
40035,红白机的童年,33%的概率造成100%的伤害，在攻击后恢复55%的我方总战力，每场战斗只能触发1次。,33,,,,,1,,,3,8,100,1,55,,,,,,,,
